"ID","name","level0","level1","level2","level23","level3","zoning"
"AT111","Mittelburgenland",0,0,0,0,1,"UE27"
"AT112","Nordburgenland",0,0,0,0,1,"UE27"
"AT113","Südburgenland",0,0,0,0,1,"UE27"
"AT121","Mostviertel-Eisenwurzen",0,0,0,0,1,"UE27"
"AT122","Niederösterreich-Süd",0,0,0,0,1,"UE27"
"AT123","Sankt Pölten",0,0,0,0,1,"UE27"
"AT124","Waldviertel",0,0,0,0,1,"UE27"
"AT125","Weinviertel",0,0,0,0,1,"UE27"
"AT126","Wiener Umland/Nordteil",0,0,0,0,1,"UE27"
"AT127","Wiener Umland/Südteil",0,0,0,0,1,"UE27"
"AT130","Wien",0,0,0,0,1,"UE27"
"AT211","Klagenfurt-Villach",0,0,0,0,1,"UE27"
"AT212","Oberkärnten",0,0,0,0,1,"UE27"
"AT213","Unterkärnten",0,0,0,0,1,"UE27"
"AT221","Graz",0,0,0,0,1,"UE27"
"AT222","Liezen",0,0,0,0,1,"UE27"
"AT223","Östliche Obersteiermark",0,0,0,0,1,"UE27"
"AT224","Oststeiermark",0,0,0,0,1,"UE27"
"AT225","West- und Südsteiermark",0,0,0,0,1,"UE27"
"AT226","Westliche Obersteiermark",0,0,0,0,1,"UE27"
"AT311","Innviertel",0,0,0,0,1,"UE27"
"AT312","Linz-Wels",0,0,0,0,1,"UE27"
"AT313","Mühlviertel",0,0,0,0,1,"UE27"
"AT314","Steyr-Kirchdorf",0,0,0,0,1,"UE27"
"AT315","Traunviertel",0,0,0,0,1,"UE27"
"AT321","Lungau",0,0,0,0,1,"UE27"
"AT322","Pinzgau-Pongau",0,0,0,0,1,"UE27"
"AT323","Salzburg und Umgebung",0,0,0,0,1,"UE27"
"AT331","Außerfern",0,0,0,0,1,"UE27"
"AT332","Innsbruck",0,0,0,0,1,"UE27"
"AT333","Osttirol",0,0,0,0,1,"UE27"
"AT334","Tiroler Oberland",0,0,0,0,1,"UE27"
"AT335","Tiroler Unterland",0,0,0,0,1,"UE27"
"AT341","Bludenz-Bregenzer Wald",0,0,0,0,1,"UE27"
"AT342","Rheintal-Bodenseegebiet",0,0,0,0,1,"UE27"
"BE100","Arr. de Bruxelles-Capitale/Arr. van Brussel-Hoofdstad",0,0,0,0,1,"UE27"
"BE211","Arr. Antwerpen",0,0,0,0,1,"UE27"
"BE212","Arr. Mechelen",0,0,0,0,1,"UE27"
"BE213","Arr. Turnhout",0,0,0,0,1,"UE27"
"BE221","Arr. Hasselt",0,0,0,0,1,"UE27"
"BE222","Arr. Maaseik",0,0,0,0,1,"UE27"
"BE223","Arr. Tongeren",0,0,0,0,1,"UE27"
"BE231","Arr. Aalst",0,0,0,0,1,"UE27"
"BE232","Arr. Dendermonde",0,0,0,0,1,"UE27"
"BE233","Arr. Eeklo",0,0,0,0,1,"UE27"
"BE234","Arr. Gent",0,0,0,0,1,"UE27"
"BE235","Arr. Oudenaarde",0,0,0,0,1,"UE27"
"BE236","Arr. Sint-Niklaas",0,0,0,0,1,"UE27"
"BE241","Arr. Halle-Vilvoorde",0,0,0,0,1,"UE27"
"BE242","Arr. Leuven",0,0,0,0,1,"UE27"
"BE251","Arr. Brugge",0,0,0,0,1,"UE27"
"BE252","Arr. Diksmuide",0,0,0,0,1,"UE27"
"BE253","Arr. Ieper",0,0,0,0,1,"UE27"
"BE254","Arr. Kortrijk",0,0,0,0,1,"UE27"
"BE255","Arr. Oostende",0,0,0,0,1,"UE27"
"BE256","Arr. Roeselare",0,0,0,0,1,"UE27"
"BE257","Arr. Tielt",0,0,0,0,1,"UE27"
"BE258","Arr. Veurne",0,0,0,0,1,"UE27"
"BE310","Arr. Nivelles",0,0,0,0,1,"UE27"
"BE321","Arr. Ath",0,0,0,0,1,"UE27"
"BE322","Arr. Charleroi",0,0,0,0,1,"UE27"
"BE323","Arr. Mons",0,0,0,0,1,"UE27"
"BE324","Arr. Mouscron",0,0,0,0,1,"UE27"
"BE325","Arr. Soignies",0,0,0,0,1,"UE27"
"BE326","Arr. Thuin",0,0,0,0,1,"UE27"
"BE327","Arr. Tournai",0,0,0,0,1,"UE27"
"BE331","Arr. Huy",0,0,0,0,1,"UE27"
"BE332","Arr. Liège",0,0,0,0,1,"UE27"
"BE334","Arr. Waremme",0,0,0,0,1,"UE27"
"BE335","Arr. Verviers - communes francophones",0,0,0,0,1,"UE27"
"BE336","Bezirk Verviers - Deutschsprachige Gemeinschaft",0,0,0,0,1,"UE27"
"BE341","Arr. Arlon",0,0,0,0,1,"UE27"
"BE342","Arr. Bastogne",0,0,0,0,1,"UE27"
"BE343","Arr. Marche-en-Famenne",0,0,0,0,1,"UE27"
"BE344","Arr. Neufchâteau",0,0,0,0,1,"UE27"
"BE345","Arr. Virton",0,0,0,0,1,"UE27"
"BE351","Arr. Dinant",0,0,0,0,1,"UE27"
"BE352","Arr. Namur",0,0,0,0,1,"UE27"
"BE353","Arr. Philippeville",0,0,0,0,1,"UE27"
"BG311","Vidin",0,0,0,1,1,"UE27"
"BG312","Montana",0,0,0,1,1,"UE27"
"BG313","Vratsa",0,0,0,1,1,"UE27"
"BG314","Pleven",0,0,0,1,1,"UE27"
"BG315","Lovech",0,0,0,1,1,"UE27"
"BG321","Veliko Tarnovo",0,0,0,1,1,"UE27"
"BG322","Gabrovo",0,0,0,1,1,"UE27"
"BG323","Ruse",0,0,0,1,1,"UE27"
"BG324","Razgrad",0,0,0,1,1,"UE27"
"BG325","Silistra",0,0,0,1,1,"UE27"
"BG331","Varna",0,0,0,1,1,"UE27"
"BG332","Dobrich",0,0,0,1,1,"UE27"
"BG333","Shumen",0,0,0,1,1,"UE27"
"BG334","Targovishte",0,0,0,1,1,"UE27"
"BG341","Burgas",0,0,0,1,1,"UE27"
"BG342","Sliven",0,0,0,1,1,"UE27"
"BG343","Yambol",0,0,0,1,1,"UE27"
"BG344","Stara Zagora",0,0,0,1,1,"UE27"
"BG411","Sofia (stolitsa)",0,0,0,1,1,"UE27"
"BG412","Sofia",0,0,0,1,1,"UE27"
"BG413","Blagoevgrad",0,0,0,1,1,"UE27"
"BG414","Pernik",0,0,0,1,1,"UE27"
"BG415","Kyustendil",0,0,0,1,1,"UE27"
"BG421","Plovdiv",0,0,0,1,1,"UE27"
"BG422","Haskovo",0,0,0,1,1,"UE27"
"BG423","Pazardzhik",0,0,0,1,1,"UE27"
"BG424","Smolyan",0,0,0,1,1,"UE27"
"BG425","Kardzhali",0,0,0,1,1,"UE27"
"CH011","Vaud",0,0,0,0,1,"EFTA"
"CH012","Valais",0,0,0,0,1,"EFTA"
"CH013","Genève",0,0,0,0,1,"EFTA"
"CH021","Bern",0,0,0,0,1,"EFTA"
"CH022","Freiburg",0,0,0,0,1,"EFTA"
"CH023","Solothum",0,0,0,0,1,"EFTA"
"CH024","Neuchâtel",0,0,0,0,1,"EFTA"
"CH025","Jura",0,0,0,0,1,"EFTA"
"CH031","Basel-Stadt",0,0,0,0,1,"EFTA"
"CH032","Basel-Landschaft",0,0,0,0,1,"EFTA"
"CH033","Aargau",0,0,0,0,1,"EFTA"
"CH040","Zürich",0,0,0,0,1,"EFTA"
"CH051","Glarus",0,0,0,0,1,"EFTA"
"CH052","Schaffhausen",0,0,0,0,1,"EFTA"
"CH053","Appenzell Ausserrhoden",0,0,0,0,1,"EFTA"
"CH054","Appenzell Innerrhoden",0,0,0,0,1,"EFTA"
"CH055","St. Gallen",0,0,0,0,1,"EFTA"
"CH056","Graubünden",0,0,0,0,1,"EFTA"
"CH057","Thurgau",0,0,0,0,1,"EFTA"
"CH061","Luzern",0,0,0,0,1,"EFTA"
"CH062","Uri",0,0,0,0,1,"EFTA"
"CH063","Schwyz",0,0,0,0,1,"EFTA"
"CH064","Obwalden",0,0,0,0,1,"EFTA"
"CH065","Nidwalden",0,0,0,0,1,"EFTA"
"CH066","Zug",0,0,0,0,1,"EFTA"
"CH070","Ticino",0,0,0,0,1,"EFTA"
"CY000","Chypre",0,0,0,1,1,"UE27"
"CZ010","Hlavní mesto Praha",0,0,0,1,1,"UE27"
"CZ020","Stredoceský",0,0,0,1,1,"UE27"
"CZ031","Jihocecký",0,0,0,1,1,"UE27"
"CZ032","Plzenský",0,0,0,1,1,"UE27"
"CZ041","Karlovarský",0,0,0,1,1,"UE27"
"CZ042","Ústecký",0,0,0,1,1,"UE27"
"CZ051","Liberecký",0,0,0,1,1,"UE27"
"CZ052","Královehradecký",0,0,0,1,1,"UE27"
"CZ053","Pardubický",0,0,0,1,1,"UE27"
"CZ063","Vysocina",0,0,0,1,1,"UE27"
"CZ064","Jihomoravský",0,0,0,1,1,"UE27"
"CZ071","Olomoucký",0,0,0,1,1,"UE27"
"CZ072","Zlínský",0,0,0,1,1,"UE27"
"CZ080","Moravskoslezský",0,0,0,1,1,"UE27"
"DE111","Stuttgart, Stadtkreis",0,0,0,0,1,"UE27"
"DE112","Böblingen",0,0,0,0,1,"UE27"
"DE113","Esslingen",0,0,0,0,1,"UE27"
"DE114","Göppingen",0,0,0,0,1,"UE27"
"DE115","Ludwigsburg",0,0,0,0,1,"UE27"
"DE116","Rems-Murr-Kreis",0,0,0,0,1,"UE27"
"DE117","Heilbronn, Stadtkreis",0,0,0,0,1,"UE27"
"DE118","Heilbronn, Landkreis",0,0,0,0,1,"UE27"
"DE119","Hohenlohekreis",0,0,0,0,1,"UE27"
"DE11A","Schwäbisch Hall",0,0,0,0,1,"UE27"
"DE11B","Main-Tauber-Kreis",0,0,0,0,1,"UE27"
"DE11C","Heidenheim",0,0,0,0,1,"UE27"
"DE11D","Ostalbkreis",0,0,0,0,1,"UE27"
"DE121","Baden-Baden, Stadtkreis",0,0,0,0,1,"UE27"
"DE122","Karlsruhe, Stadtkreis",0,0,0,0,1,"UE27"
"DE123","Karlsruhe, Landkreis",0,0,0,0,1,"UE27"
"DE124","Rastatt",0,0,0,0,1,"UE27"
"DE125","Heidelberg, Stadtkreis",0,0,0,0,1,"UE27"
"DE126","Mannheim, Stadtkreis",0,0,0,0,1,"UE27"
"DE127","Neckar-Odenwald-Kreis",0,0,0,0,1,"UE27"
"DE128","Rhein-Neckar-Kreis",0,0,0,0,1,"UE27"
"DE129","Pforzheim, Stadtkreis",0,0,0,0,1,"UE27"
"DE12A","Calw",0,0,0,0,1,"UE27"
"DE12B","Enzkreis",0,0,0,0,1,"UE27"
"DE12C","Freudenstadt",0,0,0,0,1,"UE27"
"DE131","Freiburg im Breisgau, Stadtkreis",0,0,0,0,1,"UE27"
"DE132","Breisgau-Hochschwarzwald",0,0,0,0,1,"UE27"
"DE133","Emmendingen",0,0,0,0,1,"UE27"
"DE134","Ortenaukreis",0,0,0,0,1,"UE27"
"DE135","Rottweil",0,0,0,0,1,"UE27"
"DE136","Schwarzwald-Baar-Kreis",0,0,0,0,1,"UE27"
"DE137","Tuttlingen",0,0,0,0,1,"UE27"
"DE138","Konstanz",0,0,0,0,1,"UE27"
"DE139","Lörrach",0,0,0,0,1,"UE27"
"DE13A","Waldshut",0,0,0,0,1,"UE27"
"DE141","Reutlingen",0,0,0,0,1,"UE27"
"DE142","Tübingen, Landkreis",0,0,0,0,1,"UE27"
"DE143","Zollernalbkreis",0,0,0,0,1,"UE27"
"DE144","Ulm, Stadtkreis",0,0,0,0,1,"UE27"
"DE145","Alb-Donau-Kreis",0,0,0,0,1,"UE27"
"DE146","Biberach",0,0,0,0,1,"UE27"
"DE147","Bodenseekreis",0,0,0,0,1,"UE27"
"DE148","Ravensburg",0,0,0,0,1,"UE27"
"DE149","Sigmaringen",0,0,0,0,1,"UE27"
"DE211","Ingolstadt, Kreisfreie Stadt",0,0,0,0,1,"UE27"
"DE212","München, Kreisfreie Stadt",0,0,0,0,1,"UE27"
"DE213","Rosenheim, Kreisfreie Stadt",0,0,0,0,1,"UE27"
"DE214","Altötting",0,0,0,0,1,"UE27"
"DE215","Berchtesgadener Land",0,0,0,0,1,"UE27"
"DE216","Bad Tölz-Wolfratshausen",0,0,0,0,1,"UE27"
"DE217","Dachau",0,0,0,0,1,"UE27"
"DE218","Ebersberg",0,0,0,0,1,"UE27"
"DE219","Eichstätt",0,0,0,0,1,"UE27"
"DE21A","Erding",0,0,0,0,1,"UE27"
"DE21B","Freising",0,0,0,0,1,"UE27"
"DE21C","Fürstenfeldbruck",0,0,0,0,1,"UE27"
"DE21D","Garmisch-Partenkirchen",0,0,0,0,1,"UE27"
"DE21E","Landsberg am Lech",0,0,0,0,1,"UE27"
"DE21F","Miesbach",0,0,0,0,1,"UE27"
"DE21G","Mühldorf am Inn",0,0,0,0,1,"UE27"
"DE21H","München, Landkreis",0,0,0,0,1,"UE27"
"DE21I","Neuburg-Schrobenhausen",0,0,0,0,1,"UE27"
"DE21J","Pfaffenhofen an der Ilm",0,0,0,0,1,"UE27"
"DE21K","Rosenheim, Landkreis",0,0,0,0,1,"UE27"
"DE21L","Starnberg",0,0,0,0,1,"UE27"
"DE21M","Traunstein",0,0,0,0,1,"UE27"
"DE21N","Weilheim-Schongau",0,0,0,0,1,"UE27"
"DE221","Landshut, Kreisfreie Stadt",0,0,0,0,1,"UE27"
"DE222","Passau, Kreisfreie Stadt",0,0,0,0,1,"UE27"
"DE223","Straubing, Kreisfreie Stadt",0,0,0,0,1,"UE27"
"DE224","Deggendorf",0,0,0,0,1,"UE27"
"DE225","Freyung-Grafenau",0,0,0,0,1,"UE27"
"DE226","Kelheim",0,0,0,0,1,"UE27"
"DE227","Landshut, Landkreis",0,0,0,0,1,"UE27"
"DE228","Passau, Landkreis",0,0,0,0,1,"UE27"
"DE229","Regen",0,0,0,0,1,"UE27"
"DE22A","Rottal-Inn",0,0,0,0,1,"UE27"
"DE22B","Straubing-Bogen",0,0,0,0,1,"UE27"
"DE22C","Dingolfing-Landau",0,0,0,0,1,"UE27"
"DE231","Amberg, Kreisfreie Stadt",0,0,0,0,1,"UE27"
"DE232","Regensburg, Kreisfreie Stadt",0,0,0,0,1,"UE27"
"DE233","Weiden in der Oberpfalz, Kreisfreie Stadt",0,0,0,0,1,"UE27"
"DE234","Amberg-Sulzbach",0,0,0,0,1,"UE27"
"DE235","Cham",0,0,0,0,1,"UE27"
"DE236","Neumarkt in der Oberpfalz",0,0,0,0,1,"UE27"
"DE237","Neustadt an der Waldnaab",0,0,0,0,1,"UE27"
"DE238","Regensburg, Landkreis",0,0,0,0,1,"UE27"
"DE239","Schwandorf",0,0,0,0,1,"UE27"
"DE23A","Tirschenreuth",0,0,0,0,1,"UE27"
"DE241","Bamberg, Kreisfreie Stadt",0,0,0,0,1,"UE27"
"DE242","Bayreuth, Kreisfreie Stadt",0,0,0,0,1,"UE27"
"DE243","Coburg, Kreisfreie Stadt",0,0,0,0,1,"UE27"
"DE244","Hof, Kreisfreie Stadt",0,0,0,0,1,"UE27"
"DE245","Bamberg, Landkreis",0,0,0,0,1,"UE27"
"DE246","Bayreuth, Landkreis",0,0,0,0,1,"UE27"
"DE247","Coburg, Landkreis",0,0,0,0,1,"UE27"
"DE248","Forchheim",0,0,0,0,1,"UE27"
"DE249","Hof, Landkreis",0,0,0,0,1,"UE27"
"DE24A","Kronach",0,0,0,0,1,"UE27"
"DE24B","Kulmbach",0,0,0,0,1,"UE27"
"DE24C","Lichtenfels",0,0,0,0,1,"UE27"
"DE24D","Wunsiedel im Fichtelgebirge",0,0,0,0,1,"UE27"
"DE251","Ansbach, Kreisfreie Stadt",0,0,0,0,1,"UE27"
"DE252","Erlangen, Kreisfreie Stadt",0,0,0,0,1,"UE27"
"DE253","Fürth, Kreisfreie Stadt",0,0,0,0,1,"UE27"
"DE254","Nürnberg, Kreisfreie Stadt",0,0,0,0,1,"UE27"
"DE255","Schwabach, Kreisfreie Stadt",0,0,0,0,1,"UE27"
"DE256","Ansbach, Landkreis",0,0,0,0,1,"UE27"
"DE257","Erlangen-Höchstadt",0,0,0,0,1,"UE27"
"DE258","Fürth, Landkreis",0,0,0,0,1,"UE27"
"DE259","Nuernberger Land",0,0,0,0,1,"UE27"
"DE25A","Neustadt an der Aisch-Bad Windsheim",0,0,0,0,1,"UE27"
"DE25B","Roth",0,0,0,0,1,"UE27"
"DE25C","Weißenburg-Gunzenhausen",0,0,0,0,1,"UE27"
"DE261","Aschaffenburg, Kreisfreie Stadt",0,0,0,0,1,"UE27"
"DE262","Schweinfurt, Kreisfreie Stadt",0,0,0,0,1,"UE27"
"DE263","Würzburg, Kreisfreie Stadt",0,0,0,0,1,"UE27"
"DE264","Aschaffenburg, Landkreis",0,0,0,0,1,"UE27"
"DE265","Bad Kissingen",0,0,0,0,1,"UE27"
"DE266","Rhön-Grabfeld",0,0,0,0,1,"UE27"
"DE267","Haßberge",0,0,0,0,1,"UE27"
"DE268","Kitzingen",0,0,0,0,1,"UE27"
"DE269","Miltenberg",0,0,0,0,1,"UE27"
"DE26A","Main-Spessart",0,0,0,0,1,"UE27"
"DE26B","Schweinfurt, Landkreis",0,0,0,0,1,"UE27"
"DE26C","Würzburg, Landkreis",0,0,0,0,1,"UE27"
"DE271","Augsburg, Kreisfreie Stadt",0,0,0,0,1,"UE27"
"DE272","Kaufbeuren, Kreisfreie Stadt",0,0,0,0,1,"UE27"
"DE273","Kempten (Allgäu), Kreisfreie Stadt",0,0,0,0,1,"UE27"
"DE274","Memmingen, Kreisfreie Stadt",0,0,0,0,1,"UE27"
"DE275","Aichach-Friedberg",0,0,0,0,1,"UE27"
"DE276","Augsburg, Landkreis",0,0,0,0,1,"UE27"
"DE277","Dillingen an der Donau",0,0,0,0,1,"UE27"
"DE278","Günzburg",0,0,0,0,1,"UE27"
"DE279","Neu-Ulm",0,0,0,0,1,"UE27"
"DE27A","Lindau (Bodensee)",0,0,0,0,1,"UE27"
"DE27B","Ostallgäu",0,0,0,0,1,"UE27"
"DE27C","Unterallgäu",0,0,0,0,1,"UE27"
"DE27D","Donau-Ries",0,0,0,0,1,"UE27"
"DE27E","Oberallgäu",0,0,0,0,1,"UE27"
"DE300","Berlin",0,0,0,0,1,"UE27"
"DE411","Frankfurt (Oder), Kreisfreie Stadt",0,0,0,0,1,"UE27"
"DE412","Barnim",0,0,0,0,1,"UE27"
"DE413","Märkisch-Oderland",0,0,0,0,1,"UE27"
"DE414","Oberhavel",0,0,0,0,1,"UE27"
"DE415","Oder-Spree",0,0,0,0,1,"UE27"
"DE416","Ostprignitz-Ruppin",0,0,0,0,1,"UE27"
"DE417","Prignitz",0,0,0,0,1,"UE27"
"DE418","Uckermark",0,0,0,0,1,"UE27"
"DE421","Brandenburg an der Havel, Kreisfreie Stadt",0,0,0,0,1,"UE27"
"DE422","Cottbus, Kreisfreie Stadt",0,0,0,0,1,"UE27"
"DE423","Potsdam, Kreisfreie Stadt",0,0,0,0,1,"UE27"
"DE424","Dahme-Spreewald",0,0,0,0,1,"UE27"
"DE425","Elbe-Elster",0,0,0,0,1,"UE27"
"DE426","Havelland",0,0,0,0,1,"UE27"
"DE427","Oberspreewald-Lausitz",0,0,0,0,1,"UE27"
"DE428","Potsdam-Mittelmark",0,0,0,0,1,"UE27"
"DE429","Spree-Neiße",0,0,0,0,1,"UE27"
"DE42A","Teltow-Fläming",0,0,0,0,1,"UE27"
"DE501","Bremen, Kreisfreie Stadt",0,0,0,0,1,"UE27"
"DE502","Bremerhaven, Kreisfreie Stadt",0,0,0,0,1,"UE27"
"DE600","Hamburg",0,0,0,0,1,"UE27"
"DE711","Darmstadt, Kreisfreie Stadt",0,0,0,0,1,"UE27"
"DE712","Frankfurt am Main, Kreisfreie Stadt",0,0,0,0,1,"UE27"
"DE713","Offenbach am Main, Kreisfreie Stadt",0,0,0,0,1,"UE27"
"DE714","Wiesbaden, Kreisfreie Stadt",0,0,0,0,1,"UE27"
"DE715","Bergstraße",0,0,0,0,1,"UE27"
"DE716","Darmstadt-Dieburg",0,0,0,0,1,"UE27"
"DE717","Groß-Gerau",0,0,0,0,1,"UE27"
"DE718","Hochtaunuskreis",0,0,0,0,1,"UE27"
"DE719","Main-Kinzig-Kreis",0,0,0,0,1,"UE27"
"DE71A","Main-Taunus-Kreis",0,0,0,0,1,"UE27"
"DE71B","Odenwaldkreis",0,0,0,0,1,"UE27"
"DE71C","Offenbach, Landkreis",0,0,0,0,1,"UE27"
"DE71D","Rheingau-Taunus-Kreis",0,0,0,0,1,"UE27"
"DE71E","Wetteraukreis",0,0,0,0,1,"UE27"
"DE721","Gießen, Landkreis",0,0,0,0,1,"UE27"
"DE722","Lahn-Dill-Kreis",0,0,0,0,1,"UE27"
"DE723","Limburg-Weilburg",0,0,0,0,1,"UE27"
"DE724","Marburg-Biedenkopf",0,0,0,0,1,"UE27"
"DE725","Vogelsbergkreis",0,0,0,0,1,"UE27"
"DE731","Kassel, Kreisfreie Stadt",0,0,0,0,1,"UE27"
"DE732","Fulda",0,0,0,0,1,"UE27"
"DE733","Hersfeld-Rotenburg",0,0,0,0,1,"UE27"
"DE734","Kassel, Landkreis",0,0,0,0,1,"UE27"
"DE735","Schwalm-Eder-Kreis",0,0,0,0,1,"UE27"
"DE736","Waldeck-Frankenberg",0,0,0,0,1,"UE27"
"DE737","Werra-Meißner-Kreis",0,0,0,0,1,"UE27"
"DE801","Greifswald, Kreisfreie Stadt",0,0,0,0,1,"UE27"
"DE802","Neubrandenburg, Kreisfreie Stadt",0,0,0,0,1,"UE27"
"DE803","Rostock, Kreisfreie Stadt",0,0,0,0,1,"UE27"
"DE804","Schwerin, Kreisfreie Stadt",0,0,0,0,1,"UE27"
"DE805","Stralsund, Kreisfreie Stadt",0,0,0,0,1,"UE27"
"DE806","Wismar, Kreisfreie Stadt",0,0,0,0,1,"UE27"
"DE807","Bad Doberan",0,0,0,0,1,"UE27"
"DE808","Demmin",0,0,0,0,1,"UE27"
"DE809","Güstrow",0,0,0,0,1,"UE27"
"DE80A","Ludwigslust",0,0,0,0,1,"UE27"
"DE80B","Mecklenburg-Strelitz",0,0,0,0,1,"UE27"
"DE80C","Müritz",0,0,0,0,1,"UE27"
"DE80D","Nordvorpommern",0,0,0,0,1,"UE27"
"DE80E","Nordwestmecklenburg",0,0,0,0,1,"UE27"
"DE80F","Ostvorpommern",0,0,0,0,1,"UE27"
"DE80G","Parchim",0,0,0,0,1,"UE27"
"DE80H","Rügen",0,0,0,0,1,"UE27"
"DE80I","Uecker-Randow",0,0,0,0,1,"UE27"
"DE911","Braunschweig, Kreisfreie Stadt",0,0,0,0,1,"UE27"
"DE912","Salzgitter, Kreisfreie Stadt",0,0,0,0,1,"UE27"
"DE913","Wolfsburg, Kreisfreie Stadt",0,0,0,0,1,"UE27"
"DE914","Gifhorn",0,0,0,0,1,"UE27"
"DE915","Göttingen",0,0,0,0,1,"UE27"
"DE916","Goslar",0,0,0,0,1,"UE27"
"DE917","Helmstedt",0,0,0,0,1,"UE27"
"DE918","Northeim",0,0,0,0,1,"UE27"
"DE919","Osterode am Harz",0,0,0,0,1,"UE27"
"DE91A","Peine",0,0,0,0,1,"UE27"
"DE91B","Wolfenbüttel",0,0,0,0,1,"UE27"
"DE922","Diepholz",0,0,0,0,1,"UE27"
"DE923","Hameln-Pyrmont",0,0,0,0,1,"UE27"
"DE925","Hildesheim",0,0,0,0,1,"UE27"
"DE926","Holzminden",0,0,0,0,1,"UE27"
"DE927","Nienburg (Weser)",0,0,0,0,1,"UE27"
"DE928","Schaumburg",0,0,0,0,1,"UE27"
"DE929","Region Hannover",0,0,0,0,1,"UE27"
"DE931","Celle",0,0,0,0,1,"UE27"
"DE932","Cuxhaven",0,0,0,0,1,"UE27"
"DE933","Harburg",0,0,0,0,1,"UE27"
"DE934","Lüchow-Dannenberg",0,0,0,0,1,"UE27"
"DE935","Lüneburg, Landkreis",0,0,0,0,1,"UE27"
"DE936","Osterholz",0,0,0,0,1,"UE27"
"DE937","Rotenburg (Wümme)",0,0,0,0,1,"UE27"
"DE938","Soltau-Fallingbostel",0,0,0,0,1,"UE27"
"DE939","Stade",0,0,0,0,1,"UE27"
"DE93A","Uelzen",0,0,0,0,1,"UE27"
"DE93B","Verden",0,0,0,0,1,"UE27"
"DE941","Delmenhorst, Kreisfreie Stadt",0,0,0,0,1,"UE27"
"DE942","Emden, Kreisfreie Stadt",0,0,0,0,1,"UE27"
"DE943","Oldenburg (Oldenburg), Kreisfreie Stadt",0,0,0,0,1,"UE27"
"DE944","Osnabrück, Kreisfreie Stadt",0,0,0,0,1,"UE27"
"DE945","Wilhelmshaven, Kreisfreie Stadt",0,0,0,0,1,"UE27"
"DE946","Ammerland",0,0,0,0,1,"UE27"
"DE947","Aurich",0,0,0,0,1,"UE27"
"DE948","Cloppenburg",0,0,0,0,1,"UE27"
"DE949","Emsland",0,0,0,0,1,"UE27"
"DE94A","Friesland",0,0,0,0,1,"UE27"
"DE94B","Grafschaft Bentheim",0,0,0,0,1,"UE27"
"DE94C","Leer",0,0,0,0,1,"UE27"
"DE94D","Oldenburg, Landkreis",0,0,0,0,1,"UE27"
"DE94E","Osnabrück, Landkreis",0,0,0,0,1,"UE27"
"DE94F","Vechta",0,0,0,0,1,"UE27"
"DE94G","Wesermarsch",0,0,0,0,1,"UE27"
"DE94H","Wittmund",0,0,0,0,1,"UE27"
"DEA11","Düsseldorf, Kreisfreie Stadt",0,0,0,0,1,"UE27"
"DEA12","Duisburg, Kreisfreie Stadt",0,0,0,0,1,"UE27"
"DEA13","Essen, Kreisfreie Stadt",0,0,0,0,1,"UE27"
"DEA14","Krefeld, Kreisfreie Stadt",0,0,0,0,1,"UE27"
"DEA15","Mönchengladbach, Kreisfreie Stadt",0,0,0,0,1,"UE27"
"DEA16","Mülheim an der Ruhr, Kreisfreie Stadt",0,0,0,0,1,"UE27"
"DEA17","Oberhausen, Kreisfreie Stadt",0,0,0,0,1,"UE27"
"DEA18","Remscheid, Kreisfreie Stadt",0,0,0,0,1,"UE27"
"DEA19","Solingen, Kreisfreie Stadt",0,0,0,0,1,"UE27"
"DEA1A","Wuppertal, Kreisfreie Stadt",0,0,0,0,1,"UE27"
"DEA1B","Kleve",0,0,0,0,1,"UE27"
"DEA1C","Mettmann",0,0,0,0,1,"UE27"
"DEA1D","Rhein-Kreis Neuss",0,0,0,0,1,"UE27"
"DEA1E","Viersen",0,0,0,0,1,"UE27"
"DEA1F","Wesel",0,0,0,0,1,"UE27"
"DEA21","Aachen, Kreisfreie Stadt",0,0,0,0,1,"UE27"
"DEA22","Bonn, Kreisfreie Stadt",0,0,0,0,1,"UE27"
"DEA23","Köln, Kreisfreie Stadt",0,0,0,0,1,"UE27"
"DEA24","Leverkusen, Kreisfreie Stadt",0,0,0,0,1,"UE27"
"DEA25","Aachen, Landkreis",0,0,0,0,1,"UE27"
"DEA26","Düren",0,0,0,0,1,"UE27"
"DEA27","Rhein-Erft-Kreis",0,0,0,0,1,"UE27"
"DEA28","Euskirchen",0,0,0,0,1,"UE27"
"DEA29","Heinsberg",0,0,0,0,1,"UE27"
"DEA2A","Oberbergischer Kreis",0,0,0,0,1,"UE27"
"DEA2B","Rheinisch-Bergischer-Kreis",0,0,0,0,1,"UE27"
"DEA2C","Rhein-Sieg-Kreis",0,0,0,0,1,"UE27"
"DEA31","Bottrop, Kreisfreie Stadt",0,0,0,0,1,"UE27"
"DEA32","Gelsenkirchen, Kreisfreie Stadt",0,0,0,0,1,"UE27"
"DEA33","Münster, Kreisfreie Stadt",0,0,0,0,1,"UE27"
"DEA34","Borken",0,0,0,0,1,"UE27"
"DEA35","Coesfeld",0,0,0,0,1,"UE27"
"DEA36","Recklinghausen",0,0,0,0,1,"UE27"
"DEA37","Steinfurt",0,0,0,0,1,"UE27"
"DEA38","Warendorf",0,0,0,0,1,"UE27"
"DEA41","Bielefeld, Kreisfreie Stadt",0,0,0,0,1,"UE27"
"DEA42","Gütersloh",0,0,0,0,1,"UE27"
"DEA43","Herford",0,0,0,0,1,"UE27"
"DEA44","Höxter",0,0,0,0,1,"UE27"
"DEA45","Lippe",0,0,0,0,1,"UE27"
"DEA46","Minden-Lübbecke",0,0,0,0,1,"UE27"
"DEA47","Paderborn",0,0,0,0,1,"UE27"
"DEA51","Bochum, Kreisfreie Stadt",0,0,0,0,1,"UE27"
"DEA52","Dortmund, Kreisfreie Stadt",0,0,0,0,1,"UE27"
"DEA53","Hagen, Kreisfreie Stadt",0,0,0,0,1,"UE27"
"DEA54","Hamm, Kreisfreie Stadt",0,0,0,0,1,"UE27"
"DEA55","Herne, Kreisfreie Stadt",0,0,0,0,1,"UE27"
"DEA56","Ennepe-Ruhr-Kreis",0,0,0,0,1,"UE27"
"DEA57","Hochsauerlandkreis",0,0,0,0,1,"UE27"
"DEA58","Märkischer Kreis",0,0,0,0,1,"UE27"
"DEA59","Olpe",0,0,0,0,1,"UE27"
"DEA5A","Siegen-Wittgenstein",0,0,0,0,1,"UE27"
"DEA5B","Soest",0,0,0,0,1,"UE27"
"DEA5C","Unna",0,0,0,0,1,"UE27"
"DEB11","Koblenz, Kreisfreie Stadt",0,0,0,0,1,"UE27"
"DEB12","Ahrweiler",0,0,0,0,1,"UE27"
"DEB13","Altenkirchen (Westerwald)",0,0,0,0,1,"UE27"
"DEB14","Bad Kreuznach",0,0,0,0,1,"UE27"
"DEB15","Birkenfeld",0,0,0,0,1,"UE27"
"DEB16","Cochem-Zell",0,0,0,0,1,"UE27"
"DEB17","Mayen-Koblenz",0,0,0,0,1,"UE27"
"DEB18","Neuwied",0,0,0,0,1,"UE27"
"DEB19","Rhein-Hunsrück-Kreis",0,0,0,0,1,"UE27"
"DEB1A","Rhein-Lahn-Kreis",0,0,0,0,1,"UE27"
"DEB1B","Westerwaldkreis",0,0,0,0,1,"UE27"
"DEB21","Trier, Kreisfreie Stadt",0,0,0,0,1,"UE27"
"DEB22","Bernkastel-Wittlich",0,0,0,0,1,"UE27"
"DEB23","Bitburg-Prüm",0,0,0,0,1,"UE27"
"DEB24","Daun",0,0,0,0,1,"UE27"
"DEB25","Trier-Saarburg",0,0,0,0,1,"UE27"
"DEB31","Frankenthal (Pfalz), Kreisfreie Stadt",0,0,0,0,1,"UE27"
"DEB32","Kaiserslautern, Kreisfreie Stadt",0,0,0,0,1,"UE27"
"DEB33","Landau in der Pfalz, Kreisfreie Stadt",0,0,0,0,1,"UE27"
"DEB34","Ludwigshafen am Rhein, Kreisfreie Stadt",0,0,0,0,1,"UE27"
"DEB35","Mainz, Kreisfreie Stadt",0,0,0,0,1,"UE27"
"DEB36","Neustadt an der Weinstraße, Kreisfreie Stadt",0,0,0,0,1,"UE27"
"DEB37","Pirmasens, Kreisfreie Stadt",0,0,0,0,1,"UE27"
"DEB38","Speyer, Kreisfreie Stadt",0,0,0,0,1,"UE27"
"DEB39","Worms, Kreisfreie Stadt",0,0,0,0,1,"UE27"
"DEB3A","Zweibrücken, Kreisfreie Stadt",0,0,0,0,1,"UE27"
"DEB3B","Alzey-Worms",0,0,0,0,1,"UE27"
"DEB3C","Bad Dürkheim",0,0,0,0,1,"UE27"
"DEB3D","Donnersbergkreis",0,0,0,0,1,"UE27"
"DEB3E","Germersheim",0,0,0,0,1,"UE27"
"DEB3F","Kaiserslautern, Landkreis",0,0,0,0,1,"UE27"
"DEB3G","Kusel",0,0,0,0,1,"UE27"
"DEB3H","Südliche Weinstraße",0,0,0,0,1,"UE27"
"DEB3I","Rhein-Pfalz-Kreis",0,0,0,0,1,"UE27"
"DEB3J","Mainz-Bingen",0,0,0,0,1,"UE27"
"DEB3K","Südwestpfalz",0,0,0,0,1,"UE27"
"DEC01","Saarbrücken, Stadtverband",0,0,0,0,1,"UE27"
"DEC02","Merzig-Wadern",0,0,0,0,1,"UE27"
"DEC03","Neunkirchen",0,0,0,0,1,"UE27"
"DEC04","Saarlouis",0,0,0,0,1,"UE27"
"DEC05","Saarpfalz-Kreis",0,0,0,0,1,"UE27"
"DEC06","Sankt Wendel",0,0,0,0,1,"UE27"
"DED11","Chemnitz, Kreisfreie Stadt",0,0,0,0,1,"UE27"
"DED12","Plauen, Kreisfreie Stadt",0,0,0,0,1,"UE27"
"DED13","Zwickau, Kreisfreie Stadt",0,0,0,0,1,"UE27"
"DED14","Annaberg",0,0,0,0,1,"UE27"
"DED15","Chemnitzer Land",0,0,0,0,1,"UE27"
"DED16","Freiberg",0,0,0,0,1,"UE27"
"DED17","Vogtlandkreis",0,0,0,0,1,"UE27"
"DED18","Mittlerer Erzgebirgskreis",0,0,0,0,1,"UE27"
"DED19","Mittweida",0,0,0,0,1,"UE27"
"DED1A","Stollberg",0,0,0,0,1,"UE27"
"DED1B","Aue-Schwarzenberg",0,0,0,0,1,"UE27"
"DED1C","Zwickauer Land",0,0,0,0,1,"UE27"
"DED21","Dresden, Kreisfreie Stadt",0,0,0,0,1,"UE27"
"DED22","Görlitz, Kreisfreie Stadt",0,0,0,0,1,"UE27"
"DED23","Hoyerswerda, Kreisfreie Stadt",0,0,0,0,1,"UE27"
"DED24","Bautzen",0,0,0,0,1,"UE27"
"DED25","Meissen",0,0,0,0,1,"UE27"
"DED26","Niederschlesischer Oberlausitzkreis",0,0,0,0,1,"UE27"
"DED27","Riesa-Großenhain",0,0,0,0,1,"UE27"
"DED28","Löbau-Zittau",0,0,0,0,1,"UE27"
"DED29","Sächsische Schweiz",0,0,0,0,1,"UE27"
"DED2A","Weißeritzkreis",0,0,0,0,1,"UE27"
"DED2B","Kamenz",0,0,0,0,1,"UE27"
"DED31","Leipzig, Kreisfreie Stadt",0,0,0,0,1,"UE27"
"DED32","Delitzsch",0,0,0,0,1,"UE27"
"DED33","Döbeln",0,0,0,0,1,"UE27"
"DED34","Leipziger Land",0,0,0,0,1,"UE27"
"DED35","Muldentalkreis",0,0,0,0,1,"UE27"
"DED36","Torgau-Oschatz",0,0,0,0,1,"UE27"
"DEE01","Dessau-Roßlau, Kreisfreie Stadt",0,0,0,0,1,"UE27"
"DEE02","Halle (Saale), Kreisfreie Stadt",0,0,0,0,1,"UE27"
"DEE03","Magdeburg, Kreisfreie Stadt",0,0,0,0,1,"UE27"
"DEE04","Altmarkkreis Salzwedel",0,0,0,0,1,"UE27"
"DEE05","Anhalt-Bitterfeld",0,0,0,0,1,"UE27"
"DEE06","Jerichower Land",0,0,0,0,1,"UE27"
"DEE07","Börde",0,0,0,0,1,"UE27"
"DEE08","Burgenland (D)",0,0,0,0,1,"UE27"
"DEE09","Harz",0,0,0,0,1,"UE27"
"DEE0A","Mansfeld-Südharz",0,0,0,0,1,"UE27"
"DEE0B","Saalekreis",0,0,0,0,1,"UE27"
"DEE0C","Salzland",0,0,0,0,1,"UE27"
"DEE0D","Stendal",0,0,0,0,1,"UE27"
"DEE0E","Wittenberg",0,0,0,0,1,"UE27"
"DEF01","Flensburg, Kreisfreie Stadt",0,0,0,0,1,"UE27"
"DEF02","Kiel, Kreisfreie Stadt",0,0,0,0,1,"UE27"
"DEF03","Lübeck, Kreisfreie Stadt",0,0,0,0,1,"UE27"
"DEF04","Neumünster, Kreisfreie Stadt",0,0,0,0,1,"UE27"
"DEF05","Dithmarschen",0,0,0,0,1,"UE27"
"DEF06","Herzogtum Lauenburg",0,0,0,0,1,"UE27"
"DEF07","Nordfriesland",0,0,0,0,1,"UE27"
"DEF08","Ostholstein",0,0,0,0,1,"UE27"
"DEF09","Pinneberg",0,0,0,0,1,"UE27"
"DEF0A","Plön",0,0,0,0,1,"UE27"
"DEF0B","Rendsburg-Eckernförde",0,0,0,0,1,"UE27"
"DEF0C","Schleswig-Flensburg",0,0,0,0,1,"UE27"
"DEF0D","Segeberg",0,0,0,0,1,"UE27"
"DEF0E","Steinburg",0,0,0,0,1,"UE27"
"DEF0F","Stormarn",0,0,0,0,1,"UE27"
"DEG01","Erfurt, Kreisfreie Stadt",0,0,0,0,1,"UE27"
"DEG02","Gera, Kreisfreie Stadt",0,0,0,0,1,"UE27"
"DEG03","Jena, Kreisfreie Stadt",0,0,0,0,1,"UE27"
"DEG04","Suhl, Kreisfreie Stadt",0,0,0,0,1,"UE27"
"DEG05","Weimar, Kreisfreie Stadt",0,0,0,0,1,"UE27"
"DEG06","Eichsfeld",0,0,0,0,1,"UE27"
"DEG07","Nordhausen",0,0,0,0,1,"UE27"
"DEG09","Unstrut-Hainich-Kreis",0,0,0,0,1,"UE27"
"DEG0A","Kyffhäuserkreis",0,0,0,0,1,"UE27"
"DEG0B","Schmalkalden-Meiningen",0,0,0,0,1,"UE27"
"DEG0C","Gotha",0,0,0,0,1,"UE27"
"DEG0D","Sömmerda",0,0,0,0,1,"UE27"
"DEG0E","Hildburghausen",0,0,0,0,1,"UE27"
"DEG0F","Ilm-Kreis",0,0,0,0,1,"UE27"
"DEG0G","Weimarer Land",0,0,0,0,1,"UE27"
"DEG0H","Sonneberg",0,0,0,0,1,"UE27"
"DEG0I","Saalfeld-Rudolstadt",0,0,0,0,1,"UE27"
"DEG0J","Saale-Holzland-Kreis",0,0,0,0,1,"UE27"
"DEG0K","Saale-Orla-Kreis",0,0,0,0,1,"UE27"
"DEG0L","Greiz",0,0,0,0,1,"UE27"
"DEG0M","Altenburger Land",0,0,0,0,1,"UE27"
"DEG0N","Eisenach, Kreisfreie Stadt",0,0,0,0,1,"UE27"
"DEG0P","Wartburgkreis",0,0,0,0,1,"UE27"
"DK011","Byen København",0,0,0,1,1,"UE27"
"DK012","Københavns omegn",0,0,0,1,1,"UE27"
"DK013","Nordsjælland",0,0,0,1,1,"UE27"
"DK014","Bornholm",0,0,0,1,1,"UE27"
"DK021","Østsjælland",0,0,0,1,1,"UE27"
"DK022","Vest- og Sydsjælland",0,0,0,1,1,"UE27"
"DK031","Fyn",0,0,0,1,1,"UE27"
"DK032","Sydjylland",0,0,0,1,1,"UE27"
"DK041","Vestjylland",0,0,0,1,1,"UE27"
"DK042","Østjylland",0,0,0,1,1,"UE27"
"DK050","Nordjylland",0,0,0,1,1,"UE27"
"EE001","Põhja-Eesti",0,0,0,1,1,"UE27"
"EE004","Lääne-Eesti",0,0,0,1,1,"UE27"
"EE006","Kesk-Eesti",0,0,0,1,1,"UE27"
"EE007","Kirde-Eesti",0,0,0,1,1,"UE27"
"EE008","Lõuna-Eesti",0,0,0,1,1,"UE27"
"ES111","La Coruña",0,0,0,1,1,"UE27"
"ES112","Lugo",0,0,0,1,1,"UE27"
"ES113","Orense",0,0,0,1,1,"UE27"
"ES114","Pontevedra",0,0,0,1,1,"UE27"
"ES120","Asturias",0,0,0,1,1,"UE27"
"ES130","Cantabria",0,0,0,1,1,"UE27"
"ES211","Álava",0,0,0,1,1,"UE27"
"ES212","Guipúzcoa",0,0,0,1,1,"UE27"
"ES213","Vizcaya",0,0,0,1,1,"UE27"
"ES220","Navarra",0,0,0,1,1,"UE27"
"ES230","La Rioja",0,0,0,1,1,"UE27"
"ES241","Huesca",0,0,0,1,1,"UE27"
"ES242","Teruel",0,0,0,1,1,"UE27"
"ES243","Zaragoza",0,0,0,1,1,"UE27"
"ES300","Madrid",0,0,0,1,1,"UE27"
"ES411","Avila",0,0,0,1,1,"UE27"
"ES412","Burgos",0,0,0,1,1,"UE27"
"ES413","León",0,0,0,1,1,"UE27"
"ES414","Palencia",0,0,0,1,1,"UE27"
"ES415","Salamanca",0,0,0,1,1,"UE27"
"ES416","Segovia",0,0,0,1,1,"UE27"
"ES417","Soria",0,0,0,1,1,"UE27"
"ES418","Valladolid",0,0,0,1,1,"UE27"
"ES419","Zamora",0,0,0,1,1,"UE27"
"ES421","Albacete",0,0,0,1,1,"UE27"
"ES422","Ciudad Real",0,0,0,1,1,"UE27"
"ES423","Cuenca",0,0,0,1,1,"UE27"
"ES424","Guadalajara",0,0,0,1,1,"UE27"
"ES425","Toledo",0,0,0,1,1,"UE27"
"ES431","Badajoz",0,0,0,1,1,"UE27"
"ES432","Cáceres",0,0,0,1,1,"UE27"
"ES511","Barcelona",0,0,0,1,1,"UE27"
"ES512","Gerona",0,0,0,1,1,"UE27"
"ES513","Lérida",0,0,0,1,1,"UE27"
"ES514","Tarragona",0,0,0,1,1,"UE27"
"ES521","Alicante",0,0,0,1,1,"UE27"
"ES522","Castellón de la Plana",0,0,0,1,1,"UE27"
"ES523","Valencia",0,0,0,1,1,"UE27"
"ES531","Eivissa y Formentera",0,0,0,1,1,"UE27"
"ES532","Mallorca",0,0,0,1,1,"UE27"
"ES533","Menorca",0,0,0,1,1,"UE27"
"ES611","Almería",0,0,0,1,1,"UE27"
"ES612","Cadiz",0,0,0,1,1,"UE27"
"ES613","Córdoba",0,0,0,1,1,"UE27"
"ES614","Granada",0,0,0,1,1,"UE27"
"ES615","Huelva",0,0,0,1,1,"UE27"
"ES616","Jaén",0,0,0,1,1,"UE27"
"ES617","Málaga",0,0,0,1,1,"UE27"
"ES618","Sevilla",0,0,0,1,1,"UE27"
"ES620","Murcia",0,0,0,1,1,"UE27"
"ES630","Ceuta (ES)",0,0,0,1,1,"UE27"
"ES640","Melilla (ES)",0,0,0,1,1,"UE27"
"ES703","El Hierro",0,0,0,1,1,"UE27"
"ES704","Fuerteventura",0,0,0,1,1,"UE27"
"ES705","Gran Canaria",0,0,0,1,1,"UE27"
"ES706","La Gomera",0,0,0,1,1,"UE27"
"ES707","La Palma",0,0,0,1,1,"UE27"
"ES708","Lanzarote",0,0,0,1,1,"UE27"
"ES709","Tenerife",0,0,0,1,1,"UE27"
"FI131","Etelä-Savo",0,0,0,1,1,"UE27"
"FI132","Pohjois-Savo",0,0,0,1,1,"UE27"
"FI133","Pohjois-Karjala",0,0,0,1,1,"UE27"
"FI134","Kainuu",0,0,0,1,1,"UE27"
"FI181","Uusimaa",0,0,0,1,1,"UE27"
"FI182","Itä-Uusimaa",0,0,0,1,1,"UE27"
"FI183","Varsinais-Suomi",0,0,0,1,1,"UE27"
"FI184","Kanta-Häme",0,0,0,1,1,"UE27"
"FI185","Päijät-Häme",0,0,0,1,1,"UE27"
"FI186","Kymenlaakso",0,0,0,1,1,"UE27"
"FI187","Etelä-Karjala",0,0,0,1,1,"UE27"
"FI193","Keski-Suomi",0,0,0,1,1,"UE27"
"FI194","Etelä-Pohjanmaa",0,0,0,1,1,"UE27"
"FI195","Pohjanmaa",0,0,0,1,1,"UE27"
"FI196","Satakunta",0,0,0,1,1,"UE27"
"FI197","Pirkanmaa",0,0,0,1,1,"UE27"
"FI1A1","Keski-Pohjanmaa",0,0,0,1,1,"UE27"
"FI1A2","Pohjois-Pohjanmaa",0,0,0,1,1,"UE27"
"FI1A3","Lappi",0,0,0,1,1,"UE27"
"FI200","Åland",0,0,0,1,1,"UE27"
"FR101","Paris",0,0,0,1,1,"UE27"
"FR102","Seine-et-Marne",0,0,0,1,1,"UE27"
"FR103","Yvelines",0,0,0,1,1,"UE27"
"FR104","Essonne",0,0,0,1,1,"UE27"
"FR105","Hauts-de-Seine",0,0,0,1,1,"UE27"
"FR106","Seine-Saint-Denis",0,0,0,1,1,"UE27"
"FR107","Val-de-Marne",0,0,0,1,1,"UE27"
"FR108","Val-d'Oise",0,0,0,1,1,"UE27"
"FR211","Ardennes",0,0,0,1,1,"UE27"
"FR212","Aube",0,0,0,1,1,"UE27"
"FR213","Marne",0,0,0,1,1,"UE27"
"FR214","Haute-Marne",0,0,0,1,1,"UE27"
"FR221","Aisne",0,0,0,1,1,"UE27"
"FR222","Oise",0,0,0,1,1,"UE27"
"FR223","Somme",0,0,0,1,1,"UE27"
"FR231","Eure",0,0,0,1,1,"UE27"
"FR232","Seine-Maritime",0,0,0,1,1,"UE27"
"FR241","Cher",0,0,0,1,1,"UE27"
"FR242","Eure-et-Loir",0,0,0,1,1,"UE27"
"FR243","Indre",0,0,0,1,1,"UE27"
"FR244","Indre-et-Loire",0,0,0,1,1,"UE27"
"FR245","Loir-et-Cher",0,0,0,1,1,"UE27"
"FR246","Loiret",0,0,0,1,1,"UE27"
"FR251","Calvados",0,0,0,1,1,"UE27"
"FR252","Manche",0,0,0,1,1,"UE27"
"FR253","Orne",0,0,0,1,1,"UE27"
"FR261","Côte-d'Or",0,0,0,1,1,"UE27"
"FR262","Nièvre",0,0,0,1,1,"UE27"
"FR263","Saône-et-Loire",0,0,0,1,1,"UE27"
"FR264","Yonne",0,0,0,1,1,"UE27"
"FR301","Nord",0,0,0,1,1,"UE27"
"FR302","Pas-de-Calais",0,0,0,1,1,"UE27"
"FR411","Meurthe-et-Moselle",0,0,0,1,1,"UE27"
"FR412","Meuse",0,0,0,1,1,"UE27"
"FR413","Moselle",0,0,0,1,1,"UE27"
"FR414","Vosges",0,0,0,1,1,"UE27"
"FR421","Bas-Rhin",0,0,0,1,1,"UE27"
"FR422","Haut-Rhin",0,0,0,1,1,"UE27"
"FR431","Doubs",0,0,0,1,1,"UE27"
"FR432","Jura",0,0,0,1,1,"UE27"
"FR433","Haute-Saône",0,0,0,1,1,"UE27"
"FR434","Territoire de Belfort",0,0,0,1,1,"UE27"
"FR511","Loire-Atlantique",0,0,0,1,1,"UE27"
"FR512","Maine-et-Loire",0,0,0,1,1,"UE27"
"FR513","Mayenne",0,0,0,1,1,"UE27"
"FR514","Sarthe",0,0,0,1,1,"UE27"
"FR515","Vendée",0,0,0,1,1,"UE27"
"FR521","Côte-du-Nord",0,0,0,1,1,"UE27"
"FR522","Finistère",0,0,0,1,1,"UE27"
"FR523","Ille-et-Vilaine",0,0,0,1,1,"UE27"
"FR524","Morbihan",0,0,0,1,1,"UE27"
"FR531","Charente",0,0,0,1,1,"UE27"
"FR532","Charente-Maritime",0,0,0,1,1,"UE27"
"FR533","Deux-Sèvres",0,0,0,1,1,"UE27"
"FR534","Vienne",0,0,0,1,1,"UE27"
"FR611","Dordogne",0,0,0,1,1,"UE27"
"FR612","Gironde",0,0,0,1,1,"UE27"
"FR613","Landes",0,0,0,1,1,"UE27"
"FR614","Lot-et-Garonne",0,0,0,1,1,"UE27"
"FR615","Pyrénées-Atlantiques",0,0,0,1,1,"UE27"
"FR621","Ariège",0,0,0,1,1,"UE27"
"FR622","Aveyron",0,0,0,1,1,"UE27"
"FR623","Haute-Garonne",0,0,0,1,1,"UE27"
"FR624","Gers",0,0,0,1,1,"UE27"
"FR625","Lot",0,0,0,1,1,"UE27"
"FR626","Hautes-Pyrénées",0,0,0,1,1,"UE27"
"FR627","Tarn",0,0,0,1,1,"UE27"
"FR628","Tarn-et-Garonne",0,0,0,1,1,"UE27"
"FR631","Corrèze",0,0,0,1,1,"UE27"
"FR632","Creuse",0,0,0,1,1,"UE27"
"FR633","Haute-Vienne",0,0,0,1,1,"UE27"
"FR711","Ain",0,0,0,1,1,"UE27"
"FR712","Ardèche",0,0,0,1,1,"UE27"
"FR713","Drôme",0,0,0,1,1,"UE27"
"FR714","Isère",0,0,0,1,1,"UE27"
"FR715","Loire",0,0,0,1,1,"UE27"
"FR716","Rhône",0,0,0,1,1,"UE27"
"FR717","Savoie",0,0,0,1,1,"UE27"
"FR718","Haute-Savoie",0,0,0,1,1,"UE27"
"FR721","Allier",0,0,0,1,1,"UE27"
"FR722","Cantal",0,0,0,1,1,"UE27"
"FR723","Haute-Loire",0,0,0,1,1,"UE27"
"FR724","Puy-de-Dôme",0,0,0,1,1,"UE27"
"FR811","Aude",0,0,0,1,1,"UE27"
"FR812","Gard",0,0,0,1,1,"UE27"
"FR813","Hérault",0,0,0,1,1,"UE27"
"FR814","Lozère",0,0,0,1,1,"UE27"
"FR815","Pyrénées-Orientales",0,0,0,1,1,"UE27"
"FR821","Alpes-de-Haute-Provence",0,0,0,1,1,"UE27"
"FR822","Hautes-Alpes",0,0,0,1,1,"UE27"
"FR823","Alpes-Maritimes",0,0,0,1,1,"UE27"
"FR824","Bouches-du-Rhône",0,0,0,1,1,"UE27"
"FR825","Var",0,0,0,1,1,"UE27"
"FR826","Vaucluse",0,0,0,1,1,"UE27"
"FR831","Corse-du-Sud",0,0,0,1,1,"UE27"
"FR832","Haute-Corse",0,0,0,1,1,"UE27"
"FR910","Guadeloupe (FR)",0,0,0,1,1,"UE27"
"FR920","Martinique (FR)",0,0,0,1,1,"UE27"
"FR930","Guyane (FR)",0,0,0,1,1,"UE27"
"FR940","Reunion (FR)",0,0,0,1,1,"UE27"
"GR111","Evros",0,0,0,0,1,"UE27"
"GR112","Xanthi",0,0,0,0,1,"UE27"
"GR113","Rodopi",0,0,0,0,1,"UE27"
"GR114","Drama",0,0,0,0,1,"UE27"
"GR115","Kavala",0,0,0,0,1,"UE27"
"GR121","Imathia",0,0,0,0,1,"UE27"
"GR122","Thessaloniki",0,0,0,0,1,"UE27"
"GR123","Kilkis",0,0,0,0,1,"UE27"
"GR124","Pella",0,0,0,0,1,"UE27"
"GR125","Pieria",0,0,0,0,1,"UE27"
"GR126","Serres",0,0,0,0,1,"UE27"
"GR127","Chalkidiki",0,0,0,0,1,"UE27"
"GR131","Grevena",0,0,0,0,1,"UE27"
"GR132","Kastoria",0,0,0,0,1,"UE27"
"GR133","Kozani",0,0,0,0,1,"UE27"
"GR134","Florina",0,0,0,0,1,"UE27"
"GR141","Karditsa",0,0,0,0,1,"UE27"
"GR142","Larisa",0,0,0,0,1,"UE27"
"GR143","Magnisia",0,0,0,0,1,"UE27"
"GR144","Trikala",0,0,0,0,1,"UE27"
"GR211","Arta",0,0,0,0,1,"UE27"
"GR212","Thesprotia",0,0,0,0,1,"UE27"
"GR213","Ioannina",0,0,0,0,1,"UE27"
"GR214","Preveza",0,0,0,0,1,"UE27"
"GR221","Zakynthos",0,0,0,0,1,"UE27"
"GR222","Kerkyra",0,0,0,0,1,"UE27"
"GR223","Kefallinia",0,0,0,0,1,"UE27"
"GR224","Lefkada",0,0,0,0,1,"UE27"
"GR231","Aitoloakarnania",0,0,0,0,1,"UE27"
"GR232","Achaia",0,0,0,0,1,"UE27"
"GR233","Ileia",0,0,0,0,1,"UE27"
"GR241","Voiotia",0,0,0,0,1,"UE27"
"GR242","Evvoia",0,0,0,0,1,"UE27"
"GR243","Evrytania",0,0,0,0,1,"UE27"
"GR244","Fthiotida",0,0,0,0,1,"UE27"
"GR245","Fokida",0,0,0,0,1,"UE27"
"GR251","Argolida",0,0,0,0,1,"UE27"
"GR252","Arkadia",0,0,0,0,1,"UE27"
"GR253","Korinthia",0,0,0,0,1,"UE27"
"GR254","Lakonia",0,0,0,0,1,"UE27"
"GR255","Messinia",0,0,0,0,1,"UE27"
"GR300","Attiki",0,0,0,0,1,"UE27"
"GR411","Lesvos",0,0,0,0,1,"UE27"
"GR412","Samos",0,0,0,0,1,"UE27"
"GR413","Chios",0,0,0,0,1,"UE27"
"GR421","Dodekanisos",0,0,0,0,1,"UE27"
"GR422","Kyklades",0,0,0,0,1,"UE27"
"GR431","Irakleio",0,0,0,0,1,"UE27"
"GR432","Lasithi",0,0,0,0,1,"UE27"
"GR433","Rethymni",0,0,0,0,1,"UE27"
"GR434","Chania",0,0,0,0,1,"UE27"
"HR011","Grad Zagreb",0,0,0,1,1,"CC"
"HR012","Zagrebacka zupanija",0,0,0,1,1,"CC"
"HR013","Krapinsko-zagorska zupanija",0,0,0,1,1,"CC"
"HR014","Varazdinska zupanija",0,0,0,1,1,"CC"
"HR015","Koprivnicko-krizevacka zupanija",0,0,0,1,1,"CC"
"HR016","Medimurska zupanija",0,0,0,1,1,"CC"
"HR021","Bjelovarsko-bilogorska zupanija",0,0,0,1,1,"CC"
"HR022","Viroviticko-podravska zupanija",0,0,0,1,1,"CC"
"HR023","Pozesko-slavonska zupanija",0,0,0,1,1,"CC"
"HR024","Brodsko-posavska zupanija",0,0,0,1,1,"CC"
"HR025","Osjecko-baranjska zupanija",0,0,0,1,1,"CC"
"HR026","Vukovarsko-srijemska zupanija",0,0,0,1,1,"CC"
"HR027","Karlovacka zupanija",0,0,0,1,1,"CC"
"HR028","Sisacko-moslavacka zupanija",0,0,0,1,1,"CC"
"HR031","Primorsko-goranska zupanija",0,0,0,1,1,"CC"
"HR032","Licko-senjska zupanija",0,0,0,1,1,"CC"
"HR033","Zadarska zupanija",0,0,0,1,1,"CC"
"HR034","Sibensko-kninska zupanija",0,0,0,1,1,"CC"
"HR035","Splitsko-dalmatinska zupanija",0,0,0,1,1,"CC"
"HR036","Istarska zupanija",0,0,0,1,1,"CC"
"HR037","Dubrovacko-neretvanska zupanija",0,0,0,1,1,"CC"
"HU101","Budapest",0,0,0,1,1,"UE27"
"HU102","Pest",0,0,0,1,1,"UE27"
"HU211","Fejér",0,0,0,1,1,"UE27"
"HU212","Komárom-Esztergom",0,0,0,1,1,"UE27"
"HU213","Veszprém",0,0,0,1,1,"UE27"
"HU221","Gyor-Moson-Sopron",0,0,0,1,1,"UE27"
"HU222","Vas",0,0,0,1,1,"UE27"
"HU223","Zala",0,0,0,1,1,"UE27"
"HU231","Baranya",0,0,0,1,1,"UE27"
"HU232","Somogy",0,0,0,1,1,"UE27"
"HU233","Tolna",0,0,0,1,1,"UE27"
"HU311","Borsod-Abaúj-Zemplén",0,0,0,1,1,"UE27"
"HU312","Heves",0,0,0,1,1,"UE27"
"HU313","Nógrád",0,0,0,1,1,"UE27"
"HU321","Hajdú-Bihar",0,0,0,1,1,"UE27"
"HU322","Jász-Nagykun-Szolnok",0,0,0,1,1,"UE27"
"HU323","Szabolcs-Szatmár-Bereg",0,0,0,1,1,"UE27"
"HU331","Bács-Kiskun",0,0,0,1,1,"UE27"
"HU332","Békés",0,0,0,1,1,"UE27"
"HU333","Csongrád",0,0,0,1,1,"UE27"
"IE011","Border",0,0,0,1,1,"UE27"
"IE012","Midlands",0,0,0,1,1,"UE27"
"IE013","West",0,0,0,1,1,"UE27"
"IE021","Dublin",0,0,0,1,1,"UE27"
"IE022","Mid-East",0,0,0,1,1,"UE27"
"IE023","Midwest",0,0,0,1,1,"UE27"
"IE024","South-East (IE)",0,0,0,1,1,"UE27"
"IE025","South-West (IE)",0,0,0,1,1,"UE27"
"IS001","Höfudborgarsvædi",0,0,0,1,1,"EFTA"
"IS002","Landsbyggd",0,0,0,1,1,"EFTA"
"ITC11","Torino",0,0,0,1,1,"UE27"
"ITC12","Vercelli",0,0,0,1,1,"UE27"
"ITC13","Biella",0,0,0,1,1,"UE27"
"ITC14","Verbano-Cusio-Ossola",0,0,0,1,1,"UE27"
"ITC15","Novara",0,0,0,1,1,"UE27"
"ITC16","Cuneo",0,0,0,1,1,"UE27"
"ITC17","Asti",0,0,0,1,1,"UE27"
"ITC18","Alessandria",0,0,0,1,1,"UE27"
"ITC31","Imperia",0,0,0,1,1,"UE27"
"ITC32","Savona",0,0,0,1,1,"UE27"
"ITC33","Genova",0,0,0,1,1,"UE27"
"ITC34","La Spezia",0,0,0,1,1,"UE27"
"ITC41","Varese",0,0,0,1,1,"UE27"
"ITC42","Como",0,0,0,1,1,"UE27"
"ITC43","Lecco",0,0,0,1,1,"UE27"
"ITC44","Sondrio",0,0,0,1,1,"UE27"
"ITC45","Milano",0,0,0,1,1,"UE27"
"ITC46","Bergamo",0,0,0,1,1,"UE27"
"ITC47","Brescia",0,0,0,1,1,"UE27"
"ITC48","Pavia",0,0,0,1,1,"UE27"
"ITC49","Lodi",0,0,0,1,1,"UE27"
"ITC4A","Cremona",0,0,0,1,1,"UE27"
"ITC4B","Mantova",0,0,0,1,1,"UE27"
"ITD10","Bolzano-Bozen",0,0,0,1,1,"UE27"
"ITD20","Trento",0,0,0,1,1,"UE27"
"ITD31","Verona",0,0,0,1,1,"UE27"
"ITD32","Vicenza",0,0,0,1,1,"UE27"
"ITD33","Belluno",0,0,0,1,1,"UE27"
"ITD34","Treviso",0,0,0,1,1,"UE27"
"ITD35","Venezia",0,0,0,1,1,"UE27"
"ITD36","Padova",0,0,0,1,1,"UE27"
"ITD37","Rovigo",0,0,0,1,1,"UE27"
"ITD41","Pordenone",0,0,0,1,1,"UE27"
"ITD42","Udine",0,0,0,1,1,"UE27"
"ITD43","Gorizia",0,0,0,1,1,"UE27"
"ITD44","Trieste",0,0,0,1,1,"UE27"
"ITD51","Piacenza",0,0,0,1,1,"UE27"
"ITD52","Parma",0,0,0,1,1,"UE27"
"ITD53","Reggio nell'Emilia",0,0,0,1,1,"UE27"
"ITD54","Modena",0,0,0,1,1,"UE27"
"ITD55","Bologna",0,0,0,1,1,"UE27"
"ITD56","Ferrara",0,0,0,1,1,"UE27"
"ITD57","Ravenna",0,0,0,1,1,"UE27"
"ITD58","Forlì-Cesena",0,0,0,1,1,"UE27"
"ITD59","Rimini",0,0,0,1,1,"UE27"
"ITE11","Massa-Carrara",0,0,0,1,1,"UE27"
"ITE12","Lucca",0,0,0,1,1,"UE27"
"ITE13","Pistoia",0,0,0,1,1,"UE27"
"ITE14","Firenze",0,0,0,1,1,"UE27"
"ITE15","Prato",0,0,0,1,1,"UE27"
"ITE16","Livorno",0,0,0,1,1,"UE27"
"ITE17","Pisa",0,0,0,1,1,"UE27"
"ITE18","Arezzo",0,0,0,1,1,"UE27"
"ITE19","Siena",0,0,0,1,1,"UE27"
"ITE1A","Grosseto",0,0,0,1,1,"UE27"
"ITE21","Perugia",0,0,0,1,1,"UE27"
"ITE22","Terni",0,0,0,1,1,"UE27"
"ITE31","Pesaro e Urbino",0,0,0,1,1,"UE27"
"ITE32","Ancona",0,0,0,1,1,"UE27"
"ITE33","Macerata",0,0,0,1,1,"UE27"
"ITE34","Ascoli Piceno",0,0,0,1,1,"UE27"
"ITE41","Viterbo",0,0,0,1,1,"UE27"
"ITE42","Rieti",0,0,0,1,1,"UE27"
"ITE43","Roma",0,0,0,1,1,"UE27"
"ITE44","Latina",0,0,0,1,1,"UE27"
"ITE45","Frosinone",0,0,0,1,1,"UE27"
"ITF11","L'Aquila",0,0,0,1,1,"UE27"
"ITF12","Teramo",0,0,0,1,1,"UE27"
"ITF13","Pescara",0,0,0,1,1,"UE27"
"ITF14","Chieti",0,0,0,1,1,"UE27"
"ITF21","Isernia",0,0,0,1,1,"UE27"
"ITF22","Campobasso",0,0,0,1,1,"UE27"
"ITF31","Caserta",0,0,0,1,1,"UE27"
"ITF32","Benevento",0,0,0,1,1,"UE27"
"ITF33","Napoli",0,0,0,1,1,"UE27"
"ITF34","Avellino",0,0,0,1,1,"UE27"
"ITF35","Salerno",0,0,0,1,1,"UE27"
"ITF41","Foggia",0,0,0,1,1,"UE27"
"ITF43","Taranto",0,0,0,1,1,"UE27"
"ITF44","Brindisi",0,0,0,1,1,"UE27"
"ITF45","Lecce",0,0,0,1,1,"UE27"
"ITF51","Potenza",0,0,0,1,1,"UE27"
"ITF52","Matera",0,0,0,1,1,"UE27"
"ITF61","Cosenza",0,0,0,1,1,"UE27"
"ITF62","Crotone",0,0,0,1,1,"UE27"
"ITF63","Catanzaro",0,0,0,1,1,"UE27"
"ITF64","Vibo Valentia",0,0,0,1,1,"UE27"
"ITF65","Reggio di Calabria",0,0,0,1,1,"UE27"
"ITG11","Trapani",0,0,0,1,1,"UE27"
"ITG12","Palermo",0,0,0,1,1,"UE27"
"ITG13","Messina",0,0,0,1,1,"UE27"
"ITG14","Agrigento",0,0,0,1,1,"UE27"
"ITG15","Caltanissetta",0,0,0,1,1,"UE27"
"ITG16","Enna",0,0,0,1,1,"UE27"
"ITG17","Catania",0,0,0,1,1,"UE27"
"ITG18","Ragusa",0,0,0,1,1,"UE27"
"ITG19","Siracusa",0,0,0,1,1,"UE27"
"ITG25","Sassari",0,0,0,1,1,"UE27"
"ITG26","Nuoro",0,0,0,1,1,"UE27"
"ITG27","Cagliari",0,0,0,1,1,"UE27"
"ITG28","Oristano",0,0,0,1,1,"UE27"
"ITG29","Olbia-Tempio",0,0,0,1,1,"UE27"
"ITG2A","Ogliastra",0,0,0,1,1,"UE27"
"ITG2B","Medio Campidano",0,0,0,1,1,"UE27"
"ITG2C","Carbonia-Iglesias",0,0,0,1,1,"UE27"
"LI000","Liechtenstein",0,0,0,1,1,"EFTA"
"LT001","Alytaus (Apskritis)",0,0,0,1,1,"UE27"
"LT002","Kauno (Apskritis)",0,0,0,1,1,"UE27"
"LT003","Klaipedos (Apskritis)",0,0,0,1,1,"UE27"
"LT005","Panevezio (Apskritis)",0,0,0,1,1,"UE27"
"LT006","Siauliu (Apskritis)",0,0,0,1,1,"UE27"
"LT007","Taurages (Apskritis)",0,0,0,1,1,"UE27"
"LT008","Telsiu (Apskritis)",0,0,0,1,1,"UE27"
"LT009","Utenos (Apskritis)",0,0,0,1,1,"UE27"
"LT00A","Vilniaus (Apskritis)",0,0,0,1,1,"UE27"
"LU000","Luxembourg (Grand-Duché)",0,0,0,1,1,"UE27"
"LV003","Kurzeme",0,0,0,1,1,"UE27"
"LV005","Latgale",0,0,0,1,1,"UE27"
"LV006","Riga",0,0,0,1,1,"UE27"
"LV007","Pieriga",0,0,0,1,1,"UE27"
"LV008","Vidzeme",0,0,0,1,1,"UE27"
"LV009","Zemgale",0,0,0,1,1,"UE27"
"MK001","Vardarski (provisional code)",0,0,0,1,1,"CC"
"MK002","Istocen (provisional code)",0,0,0,1,1,"CC"
"MK003","Jugozapaden (provisional code)",0,0,0,1,1,"CC"
"MK004","Jugoistocen (provisional code)",0,0,0,1,1,"CC"
"MK005","Pelagoniski (provisional code)",0,0,0,1,1,"CC"
"MK006","Poloski (provisional code)",0,0,0,1,1,"CC"
"MK007","Severoistocen (provisional code)",0,0,0,1,1,"CC"
"MK008","Skopski (provisional code)",0,0,0,1,1,"CC"
"MT001","Malte",0,0,0,1,1,"UE27"
"MT002","Gozo et Comino / Ghawdex u Kemmuna",0,0,0,1,1,"UE27"
"NL111","Oost-Groningen",0,0,0,0,1,"UE27"
"NL112","Delfzijl en omgeving",0,0,0,0,1,"UE27"
"NL113","Overig Groningen",0,0,0,0,1,"UE27"
"NL121","Noord-Friesland",0,0,0,0,1,"UE27"
"NL122","Zuidwest-Friesland",0,0,0,0,1,"UE27"
"NL123","Zuidoost-Friesland",0,0,0,0,1,"UE27"
"NL131","Noord-Drenthe",0,0,0,0,1,"UE27"
"NL132","Zuidoost-Drenthe",0,0,0,0,1,"UE27"
"NL133","Zuidwest-Drenthe",0,0,0,0,1,"UE27"
"NL211","Noord-Overijssel",0,0,0,0,1,"UE27"
"NL212","Zuidwest-Overijssel",0,0,0,0,1,"UE27"
"NL213","Twente",0,0,0,0,1,"UE27"
"NL221","Veluwe",0,0,0,0,1,"UE27"
"NL224","Zuidwest-Gelderland",0,0,0,0,1,"UE27"
"NL225","Achterhoek",0,0,0,0,1,"UE27"
"NL226","Arnhem/Nijmegen",0,0,0,0,1,"UE27"
"NL230","Flevoland",0,0,0,0,1,"UE27"
"NL310","Utrecht",0,0,0,0,1,"UE27"
"NL321","Kop van Noord-Holland",0,0,0,0,1,"UE27"
"NL322","Alkmaar en omgeving",0,0,0,0,1,"UE27"
"NL323","IJmond",0,0,0,0,1,"UE27"
"NL324","Agglomeratie Haarlem",0,0,0,0,1,"UE27"
"NL325","Zaanstreek",0,0,0,0,1,"UE27"
"NL326","Groot-Amsterdam",0,0,0,0,1,"UE27"
"NL327","Het Gooi en Vechtstreek",0,0,0,0,1,"UE27"
"NL331","Agglomeratie Leiden en Bollenstreek",0,0,0,0,1,"UE27"
"NL332","Agglomeratie 's -Gravenhage",0,0,0,0,1,"UE27"
"NL333","Delft en Westland",0,0,0,0,1,"UE27"
"NL334","Oost-Zuid-Holland",0,0,0,0,1,"UE27"
"NL335","Groot-Rijnmond",0,0,0,0,1,"UE27"
"NL336","Zuidoost Zuid-Holland",0,0,0,0,1,"UE27"
"NL341","Zeeuwsch-Vlaanderen",0,0,0,0,1,"UE27"
"NL342","Overig Zeeland",0,0,0,0,1,"UE27"
"NL411","West-Noord-Brabant",0,0,0,0,1,"UE27"
"NL412","Midden-Noord-Brabant",0,0,0,0,1,"UE27"
"NL413","Noordoost-Noord-Brabant",0,0,0,0,1,"UE27"
"NL414","Zuidoost-Noord-Brabant",0,0,0,0,1,"UE27"
"NL421","Noord-Limburg",0,0,0,0,1,"UE27"
"NL422","Midden-Limburg",0,0,0,0,1,"UE27"
"NL423","Zuid-Limburg",0,0,0,0,1,"UE27"
"NO011","Oslo",0,0,0,1,1,"EFTA"
"NO012","Akershus",0,0,0,1,1,"EFTA"
"NO021","Hedmark",0,0,0,1,1,"EFTA"
"NO022","Oppland",0,0,0,1,1,"EFTA"
"NO031","Østfold",0,0,0,1,1,"EFTA"
"NO032","Buskerud",0,0,0,1,1,"EFTA"
"NO033","Vestfold",0,0,0,1,1,"EFTA"
"NO034","Telemark",0,0,0,1,1,"EFTA"
"NO041","Aust-Agder",0,0,0,1,1,"EFTA"
"NO042","Vest-Agder",0,0,0,1,1,"EFTA"
"NO043","Rogaland",0,0,0,1,1,"EFTA"
"NO051","Hordaland",0,0,0,1,1,"EFTA"
"NO052","Sogn og Fjordane",0,0,0,1,1,"EFTA"
"NO053","Møre og Romsdal",0,0,0,1,1,"EFTA"
"NO061","Sør-Trøndelag",0,0,0,1,1,"EFTA"
"NO062","Nord-Trøndelag",0,0,0,1,1,"EFTA"
"NO071","Nordland",0,0,0,1,1,"EFTA"
"NO072","Troms",0,0,0,1,1,"EFTA"
"NO073","Finnmark",0,0,0,1,1,"EFTA"
"PL113","Miasto Lódz",0,0,0,1,1,"UE27"
"PL114","Lódzki",0,0,0,1,1,"UE27"
"PL115","Piotrkowski",0,0,0,1,1,"UE27"
"PL116","Sieradzki",0,0,0,1,1,"UE27"
"PL117","Skierniewicki",0,0,0,1,1,"UE27"
"PL121","Ciechanowsko-plocki",0,0,0,1,1,"UE27"
"PL122","Ostrolecko-siedlecki",0,0,0,1,1,"UE27"
"PL127","Miasto Warszawa",0,0,0,1,1,"UE27"
"PL128","Radomski",0,0,0,1,1,"UE27"
"PL129","Warszawski-wschodni",0,0,0,1,1,"UE27"
"PL12A","Warszawski-zachodni",0,0,0,1,1,"UE27"
"PL213","Miasto Kraków",0,0,0,1,1,"UE27"
"PL214","Krakowski",0,0,0,1,1,"UE27"
"PL215","Nowosadecki",0,0,0,1,1,"UE27"
"PL216","Oswiecimski",0,0,0,1,1,"UE27"
"PL217","Tarnowski",0,0,0,1,1,"UE27"
"PL224","Czestochowski",0,0,0,1,1,"UE27"
"PL225","Bielski",0,0,0,1,1,"UE27"
"PL227","Rybnicki",0,0,0,1,1,"UE27"
"PL228","Bytomski",0,0,0,1,1,"UE27"
"PL229","Gliwicki",0,0,0,1,1,"UE27"
"PL22A","Katowicki",0,0,0,1,1,"UE27"
"PL22B","Sosnowiecki",0,0,0,1,1,"UE27"
"PL22C","Tyski",0,0,0,1,1,"UE27"
"PL311","Bialski",0,0,0,1,1,"UE27"
"PL312","Chelmsko-zamojski",0,0,0,1,1,"UE27"
"PL314","Lubelski",0,0,0,1,1,"UE27"
"PL315","Pulawski",0,0,0,1,1,"UE27"
"PL323","Krosnienski",0,0,0,1,1,"UE27"
"PL324","Przemyski",0,0,0,1,1,"UE27"
"PL325","Rzeszowski",0,0,0,1,1,"UE27"
"PL326","Tarnobrzeski",0,0,0,1,1,"UE27"
"PL331","Kielecki",0,0,0,1,1,"UE27"
"PL332","Sandomiersko-jedrzejowski",0,0,0,1,1,"UE27"
"PL343","Bialostocki",0,0,0,1,1,"UE27"
"PL344","Lomzynski",0,0,0,1,1,"UE27"
"PL345","Suwalski",0,0,0,1,1,"UE27"
"PL411","Pilski",0,0,0,1,1,"UE27"
"PL414","Koninski",0,0,0,1,1,"UE27"
"PL415","Miasto Poznan",0,0,0,1,1,"UE27"
"PL416","Kaliski",0,0,0,1,1,"UE27"
"PL417","Leszczynski",0,0,0,1,1,"UE27"
"PL418","Poznanski",0,0,0,1,1,"UE27"
"PL422","Koszalinski",0,0,0,1,1,"UE27"
"PL423","Stargardzki",0,0,0,1,1,"UE27"
"PL424","Miasto Szczecin",0,0,0,1,1,"UE27"
"PL425","Szczecinski",0,0,0,1,1,"UE27"
"PL431","Gorzowski",0,0,0,1,1,"UE27"
"PL432","Zielonogórski",0,0,0,1,1,"UE27"
"PL514","Miasto Wroclaw",0,0,0,1,1,"UE27"
"PL515","Jeleniogórski",0,0,0,1,1,"UE27"
"PL516","Legnicko-Glogowski",0,0,0,1,1,"UE27"
"PL517","Walbrzyski",0,0,0,1,1,"UE27"
"PL518","Wroclawski",0,0,0,1,1,"UE27"
"PL521","Nyski",0,0,0,1,1,"UE27"
"PL522","Opolski",0,0,0,1,1,"UE27"
"PL613","Bydgosko-Torunski",0,0,0,1,1,"UE27"
"PL614","Grudziadzki",0,0,0,1,1,"UE27"
"PL615","Wloclawski",0,0,0,1,1,"UE27"
"PL621","Elblaski",0,0,0,1,1,"UE27"
"PL622","Olsztynski",0,0,0,1,1,"UE27"
"PL623","Elcki",0,0,0,1,1,"UE27"
"PL631","Slupski",0,0,0,1,1,"UE27"
"PL633","Trojmiejski",0,0,0,1,1,"UE27"
"PL634","Gdanski",0,0,0,1,1,"UE27"
"PL635","Starogardzki",0,0,0,1,1,"UE27"
"PT111","Minho-Lima",0,0,0,0,1,"UE27"
"PT112","Cávado",0,0,0,0,1,"UE27"
"PT113","Ave",0,0,0,0,1,"UE27"
"PT114","Grande Porto",0,0,0,0,1,"UE27"
"PT115","Tâmega",0,0,0,0,1,"UE27"
"PT116","Entre Douro e Vouga",0,0,0,0,1,"UE27"
"PT117","Douro",0,0,0,0,1,"UE27"
"PT118","Alto Trás-os-Montes",0,0,0,0,1,"UE27"
"PT150","Algarve",0,0,0,0,1,"UE27"
"PT161","Baixo Vouga",0,0,0,0,1,"UE27"
"PT162","Baixo Mondego",0,0,0,0,1,"UE27"
"PT163","Pinhal Litoral",0,0,0,0,1,"UE27"
"PT164","Pinhal Interior Norte",0,0,0,0,1,"UE27"
"PT165","Dão-Lafões",0,0,0,0,1,"UE27"
"PT166","Pinhal Interior Sul",0,0,0,0,1,"UE27"
"PT167","Serra da Estrela",0,0,0,0,1,"UE27"
"PT168","Beira Interior Norte",0,0,0,0,1,"UE27"
"PT169","Beira Interior Sul",0,0,0,0,1,"UE27"
"PT16A","Cova da Beira",0,0,0,0,1,"UE27"
"PT16B","Oeste",0,0,0,0,1,"UE27"
"PT16C","Médio Tejo",0,0,0,0,1,"UE27"
"PT171","Grande Lisboa",0,0,0,0,1,"UE27"
"PT172","Península de Setúbal",0,0,0,0,1,"UE27"
"PT181","Alentejo Litoral",0,0,0,0,1,"UE27"
"PT182","Alto Alentejo",0,0,0,0,1,"UE27"
"PT183","Alentejo Central",0,0,0,0,1,"UE27"
"PT184","Baixo Alentejo",0,0,0,0,1,"UE27"
"PT185","Lezíria do Tejo",0,0,0,0,1,"UE27"
"PT200","Região Autónoma dos Açores (PT)",0,0,0,0,1,"UE27"
"PT300","Região Autónoma da Madeira (PT)",0,0,0,0,1,"UE27"
"RO111","Bihor",0,0,0,1,1,"UE27"
"RO112","Bistrita-Nasaud",0,0,0,1,1,"UE27"
"RO113","Cluj",0,0,0,1,1,"UE27"
"RO114","Maramures",0,0,0,1,1,"UE27"
"RO115","Satu Mare",0,0,0,1,1,"UE27"
"RO116","Salaj",0,0,0,1,1,"UE27"
"RO121","Alba",0,0,0,1,1,"UE27"
"RO122","Brasov",0,0,0,1,1,"UE27"
"RO123","Covasna",0,0,0,1,1,"UE27"
"RO124","Harghita",0,0,0,1,1,"UE27"
"RO125","Mures",0,0,0,1,1,"UE27"
"RO126","Sibiu",0,0,0,1,1,"UE27"
"RO211","Bacau",0,0,0,1,1,"UE27"
"RO212","Botosani",0,0,0,1,1,"UE27"
"RO213","Iasi",0,0,0,1,1,"UE27"
"RO214","Neamt",0,0,0,1,1,"UE27"
"RO215","Suceava",0,0,0,1,1,"UE27"
"RO216","Vaslui",0,0,0,1,1,"UE27"
"RO221","Braila",0,0,0,1,1,"UE27"
"RO222","Buzau",0,0,0,1,1,"UE27"
"RO223","Constanta",0,0,0,1,1,"UE27"
"RO224","Galati",0,0,0,1,1,"UE27"
"RO225","Tulcea",0,0,0,1,1,"UE27"
"RO226","Vrancea",0,0,0,1,1,"UE27"
"RO311","Arges",0,0,0,1,1,"UE27"
"RO312","Calarasi",0,0,0,1,1,"UE27"
"RO313","Dâmbovita",0,0,0,1,1,"UE27"
"RO314","Giurgiu",0,0,0,1,1,"UE27"
"RO315","Ialomita",0,0,0,1,1,"UE27"
"RO316","Prahova",0,0,0,1,1,"UE27"
"RO317","Teleorman",0,0,0,1,1,"UE27"
"RO321","Bucuresti",0,0,0,1,1,"UE27"
"RO322","Ilfov",0,0,0,1,1,"UE27"
"RO411","Dolj",0,0,0,1,1,"UE27"
"RO412","Gorj",0,0,0,1,1,"UE27"
"RO413","Mehedinti",0,0,0,1,1,"UE27"
"RO414","Olt",0,0,0,1,1,"UE27"
"RO415","Vâlcea",0,0,0,1,1,"UE27"
"RO421","Arad",0,0,0,1,1,"UE27"
"RO422","Caras-Severin",0,0,0,1,1,"UE27"
"RO423","Hunedoara",0,0,0,1,1,"UE27"
"RO424","Timis",0,0,0,1,1,"UE27"
"SE110","Stockholms län",0,0,0,1,1,"UE27"
"SE121","Uppsala län",0,0,0,1,1,"UE27"
"SE122","Södermanlands län",0,0,0,1,1,"UE27"
"SE123","Östergötlands län",0,0,0,1,1,"UE27"
"SE124","Örebro län",0,0,0,1,1,"UE27"
"SE125","Västmanlands län",0,0,0,1,1,"UE27"
"SE211","Jönköpings län",0,0,0,1,1,"UE27"
"SE212","Kronobergs län",0,0,0,1,1,"UE27"
"SE213","Kalmar län",0,0,0,1,1,"UE27"
"SE214","Gotlands län",0,0,0,1,1,"UE27"
"SE221","Blekinge län",0,0,0,1,1,"UE27"
"SE224","Skåne län",0,0,0,1,1,"UE27"
"SE231","Hallands län",0,0,0,1,1,"UE27"
"SE232","Västra Götalands län",0,0,0,1,1,"UE27"
"SE311","Värmlands län",0,0,0,1,1,"UE27"
"SE312","Dalarnas län",0,0,0,1,1,"UE27"
"SE313","Gävleborgs län",0,0,0,1,1,"UE27"
"SE321","Västernorrlands län",0,0,0,1,1,"UE27"
"SE322","Jämtlands län",0,0,0,1,1,"UE27"
"SE331","Västerbottens län",0,0,0,1,1,"UE27"
"SE332","Norrbottens län",0,0,0,1,1,"UE27"
"SI011","Pomurska",0,0,0,1,1,"UE27"
"SI012","Podravska",0,0,0,1,1,"UE27"
"SI013","Koroska",0,0,0,1,1,"UE27"
"SI014","Savinjska",0,0,0,1,1,"UE27"
"SI015","Zasavska",0,0,0,1,1,"UE27"
"SI016","Spodnjeposavska",0,0,0,1,1,"UE27"
"SI017","Jugovzhodna Slovenija",0,0,0,1,1,"UE27"
"SI018","Notranjsko-kraska",0,0,0,1,1,"UE27"
"SI021","Osrednjeslovenska",0,0,0,1,1,"UE27"
"SI022","Gorenjska",0,0,0,1,1,"UE27"
"SI023","Goriska",0,0,0,1,1,"UE27"
"SI024","Obalno-kraska",0,0,0,1,1,"UE27"
"SK010","Bratislavský kraj",0,0,0,1,1,"UE27"
"SK021","Trnavský kraj",0,0,0,1,1,"UE27"
"SK022","Trencianský kraj",0,0,0,1,1,"UE27"
"SK023","Nitrianský kraj",0,0,0,1,1,"UE27"
"SK031","Zilinský kraj",0,0,0,1,1,"UE27"
"SK032","Banskobystrický kraj",0,0,0,1,1,"UE27"
"SK041","Presovský kraj",0,0,0,1,1,"UE27"
"SK042","Kosický kraj",0,0,0,1,1,"UE27"
"TR100","Istanbul",0,0,0,1,1,"CC"
"TR211","Tekirdag",0,0,0,1,1,"CC"
"TR212","Edirne",0,0,0,1,1,"CC"
"TR213","Kirklareli",0,0,0,1,1,"CC"
"TR221","Balikesir",0,0,0,1,1,"CC"
"TR310","Izmir",0,0,0,1,1,"CC"
"TR321","Aydin",0,0,0,1,1,"CC"
"TR322","Denizli",0,0,0,1,1,"CC"
"TR323","Mugla",0,0,0,1,1,"CC"
"TR331","Manisa",0,0,0,1,1,"CC"
"TR332","Afyon",0,0,0,1,1,"CC"
"TR333","Kütahya",0,0,0,1,1,"CC"
"TR334","Usak",0,0,0,1,1,"CC"
"TR411","Bursa",0,0,0,1,1,"CC"
"TR412","Eskisehir",0,0,0,1,1,"CC"
"TR413","Bilecik",0,0,0,1,1,"CC"
"TR421","Kocaeli",0,0,0,1,1,"CC"
"TR422","Sakarya",0,0,0,1,1,"CC"
"TR423","Düzce",0,0,0,1,1,"CC"
"TR424","Bolu",0,0,0,1,1,"CC"
"TR425","Yalova",0,0,0,1,1,"CC"
"TR510","Ankara",0,0,0,1,1,"CC"
"TR521","Konya",0,0,0,1,1,"CC"
"TR522","Karaman",0,0,0,1,1,"CC"
"TR611","Antalya",0,0,0,1,1,"CC"
"TR612","Isparta",0,0,0,1,1,"CC"
"TR613","Burdur",0,0,0,1,1,"CC"
"TR621","Adana",0,0,0,1,1,"CC"
"TR622","Içel",0,0,0,1,1,"CC"
"TR631","Hatay",0,0,0,1,1,"CC"
"TR632","Kahramanmaras",0,0,0,1,1,"CC"
"TR633","Osmaniye",0,0,0,1,1,"CC"
"TR711","Kirikkale",0,0,0,1,1,"CC"
"TR712","Aksaray",0,0,0,1,1,"CC"
"TR713","Nigde",0,0,0,1,1,"CC"
"TR714","Nevsehir",0,0,0,1,1,"CC"
"TR715","Kirsehir",0,0,0,1,1,"CC"
"TR721","Kayseri",0,0,0,1,1,"CC"
"TR722","Sivas",0,0,0,1,1,"CC"
"TR723","Yozgat",0,0,0,1,1,"CC"
"TR811","Zonguldak",0,0,0,1,1,"CC"
"TR812","Karabük",0,0,0,1,1,"CC"
"TR813","Bartin",0,0,0,1,1,"CC"
"TR821","Kastamonu",0,0,0,1,1,"CC"
"TR822","Çankiri",0,0,0,1,1,"CC"
"TR823","Sinop",0,0,0,1,1,"CC"
"TR831","Samsun",0,0,0,1,1,"CC"
"TR832","Tokat",0,0,0,1,1,"CC"
"TR833","Çorum",0,0,0,1,1,"CC"
"TR834","Amasya",0,0,0,1,1,"CC"
"TR901","Trabzon",0,0,0,1,1,"CC"
"TR902","Ordu",0,0,0,1,1,"CC"
"TR903","Giresun",0,0,0,1,1,"CC"
"TR904","Rize",0,0,0,1,1,"CC"
"TR905","Artvin",0,0,0,1,1,"CC"
"TR906","Gümüshane",0,0,0,1,1,"CC"
"TRA11","Erzurum",0,0,0,1,1,"CC"
"TRA12","Erzincan",0,0,0,1,1,"CC"
"TRA13","Bayburt",0,0,0,1,1,"CC"
"TRA21","Agri",0,0,0,1,1,"CC"
"TRA22","Kars",0,0,0,1,1,"CC"
"TRA23","Igdir",0,0,0,1,1,"CC"
"TRA24","Ardahan",0,0,0,1,1,"CC"
"TRB11","Malatya",0,0,0,1,1,"CC"
"TRB12","Elazig",0,0,0,1,1,"CC"
"TRB13","Bingöl",0,0,0,1,1,"CC"
"TRB14","Tunceli",0,0,0,1,1,"CC"
"TRB21","Van",0,0,0,1,1,"CC"
"TRB22","Mus",0,0,0,1,1,"CC"
"TRB23","Bitlis",0,0,0,1,1,"CC"
"TRB24","Hakkari",0,0,0,1,1,"CC"
"TRC11","Gaziantep",0,0,0,1,1,"CC"
"TRC12","Adiyaman",0,0,0,1,1,"CC"
"TRC13","Kilis",0,0,0,1,1,"CC"
"TRC21","Sanliurfa",0,0,0,1,1,"CC"
"TRC22","Diyarbakir",0,0,0,1,1,"CC"
"TRC31","Mardin",0,0,0,1,1,"CC"
"TRC32","Batman",0,0,0,1,1,"CC"
"TRC33","Sirnak",0,0,0,1,1,"CC"
"TRC34","Siirt",0,0,0,1,1,"CC"
"UKC11","Hartlepool and Stockton",0,0,0,0,1,"UE27"
"UKC12","South Teeside",0,0,0,0,1,"UE27"
"UKC13","Darlington",0,0,0,0,1,"UE27"
"UKC14","Durham CC",0,0,0,0,1,"UE27"
"UKC21","Northumberland",0,0,0,0,1,"UE27"
"UKC22","Tyneside",0,0,0,0,1,"UE27"
"UKC23","Sunderland",0,0,0,0,1,"UE27"
"UKD11","West Cumbria",0,0,0,0,1,"UE27"
"UKD12","East Cumbria",0,0,0,0,1,"UE27"
"UKD21","Halton and Warrington",0,0,0,0,1,"UE27"
"UKD22","Cheshire CC",0,0,0,0,1,"UE27"
"UKD31","Greater Manchester South",0,0,0,0,1,"UE27"
"UKD32","Greater Manchester North",0,0,0,0,1,"UE27"
"UKD41","Blackburn with Darwen",0,0,0,0,1,"UE27"
"UKD42","Blackpool",0,0,0,0,1,"UE27"
"UKD43","Lancashire CC",0,0,0,0,1,"UE27"
"UKD51","East Merseyside",0,0,0,0,1,"UE27"
"UKD52","Liverpool",0,0,0,0,1,"UE27"
"UKD54","Wirral",0,0,0,0,1,"UE27"
"UKE11","City of Kingston upon Hull",0,0,0,0,1,"UE27"
"UKE12","East Riding of Yorkshire",0,0,0,0,1,"UE27"
"UKE13","North and North East Lincolnshire",0,0,0,0,1,"UE27"
"UKE21","York",0,0,0,0,1,"UE27"
"UKE22","North Yorkshire CC",0,0,0,0,1,"UE27"
"UKE31","Barnsley, Doncaster and Rotherham",0,0,0,0,1,"UE27"
"UKE32","Sheffield",0,0,0,0,1,"UE27"
"UKE41","Bradford",0,0,0,0,1,"UE27"
"UKE42","Leeds",0,0,0,0,1,"UE27"
"UKE43","Calderdale, Kirklees and Wakefield",0,0,0,0,1,"UE27"
"UKF11","Derby",0,0,0,0,1,"UE27"
"UKF12","East Derbyshire",0,0,0,0,1,"UE27"
"UKF13","South and West Derbyshire",0,0,0,0,1,"UE27"
"UKF14","Nottingham",0,0,0,0,1,"UE27"
"UKF15","North Nottinghamshire",0,0,0,0,1,"UE27"
"UKF16","South Nottinghamshire",0,0,0,0,1,"UE27"
"UKF21","Leicester City",0,0,0,0,1,"UE27"
"UKF22","Leicester CC and Rutland",0,0,0,0,1,"UE27"
"UKF23","Northamptonshire",0,0,0,0,1,"UE27"
"UKF30","Lincolnshire",0,0,0,0,1,"UE27"
"UKG11","Herefordshire",0,0,0,0,1,"UE27"
"UKG12","Worcestershire",0,0,0,0,1,"UE27"
"UKG13","Warwickshire",0,0,0,0,1,"UE27"
"UKG21","The Wrekin",0,0,0,0,1,"UE27"
"UKG22","Shropshire CC",0,0,0,0,1,"UE27"
"UKG23","Stoke-on-Trent",0,0,0,0,1,"UE27"
"UKG24","Staffordshire CC",0,0,0,0,1,"UE27"
"UKG31","Birmingham",0,0,0,0,1,"UE27"
"UKG32","Solihull",0,0,0,0,1,"UE27"
"UKG33","Coventry",0,0,0,0,1,"UE27"
"UKG34","Dudley and Sandwell",0,0,0,0,1,"UE27"
"UKG35","Walsall and Wolverhampton",0,0,0,0,1,"UE27"
"UKH11","Peterborough",0,0,0,0,1,"UE27"
"UKH12","Cambridgeshire CC",0,0,0,0,1,"UE27"
"UKH13","Norfolk",0,0,0,0,1,"UE27"
"UKH14","Suffolk",0,0,0,0,1,"UE27"
"UKH21","Luton",0,0,0,0,1,"UE27"
"UKH22","Bedfordshire CC",0,0,0,0,1,"UE27"
"UKH23","Hertfordshire",0,0,0,0,1,"UE27"
"UKH31","Southend-on-Sea",0,0,0,0,1,"UE27"
"UKH32","Thurrock",0,0,0,0,1,"UE27"
"UKH33","Essex CC",0,0,0,0,1,"UE27"
"UKI11","Inner London - West",0,0,0,0,1,"UE27"
"UKI12","Inner London - East",0,0,0,0,1,"UE27"
"UKI21","Outer London - East and North East",0,0,0,0,1,"UE27"
"UKI22","Outer London - South",0,0,0,0,1,"UE27"
"UKI23","Outer London - West and North West",0,0,0,0,1,"UE27"
"UKJ11","Berkshire",0,0,0,0,1,"UE27"
"UKJ12","Milton Keynes",0,0,0,0,1,"UE27"
"UKJ13","Buckinghamshire CC",0,0,0,0,1,"UE27"
"UKJ14","Oxfordshire",0,0,0,0,1,"UE27"
"UKJ21","Brighton and Hove",0,0,0,0,1,"UE27"
"UKJ22","East Sussex CC",0,0,0,0,1,"UE27"
"UKJ23","Surrey",0,0,0,0,1,"UE27"
"UKJ24","West Sussex",0,0,0,0,1,"UE27"
"UKJ31","Portsmouth",0,0,0,0,1,"UE27"
"UKJ32","Southampton",0,0,0,0,1,"UE27"
"UKJ33","Hampshire CC",0,0,0,0,1,"UE27"
"UKJ34","Isle of Wight",0,0,0,0,1,"UE27"
"UKJ41","Medway Towns",0,0,0,0,1,"UE27"
"UKJ42","Kent CC",0,0,0,0,1,"UE27"
"UKK11","City of Bristol",0,0,0,0,1,"UE27"
"UKK12","Bath and North East Somerset, North Somerset and South Gloucestershire",0,0,0,0,1,"UE27"
"UKK13","Gloucestershire",0,0,0,0,1,"UE27"
"UKK14","Swindon",0,0,0,0,1,"UE27"
"UKK15","Wiltshire CC",0,0,0,0,1,"UE27"
"UKK21","Bournemouth and Poole",0,0,0,0,1,"UE27"
"UKK22","Dorset CC",0,0,0,0,1,"UE27"
"UKK23","Somerset",0,0,0,0,1,"UE27"
"UKK30","Cornwall and Isles of Scilly",0,0,0,0,1,"UE27"
"UKK41","Plymouth",0,0,0,0,1,"UE27"
"UKK42","Torbay",0,0,0,0,1,"UE27"
"UKK43","Devon CC",0,0,0,0,1,"UE27"
"UKL11","Isle of Anglesey",0,0,0,0,1,"UE27"
"UKL12","Gwynedd",0,0,0,0,1,"UE27"
"UKL13","Conwy and Denbighshire",0,0,0,0,1,"UE27"
"UKL15","Central Valleys",0,0,0,0,1,"UE27"
"UKL16","Gwent Valleys",0,0,0,0,1,"UE27"
"UKL17","Bridgend and Neath Port Talbot",0,0,0,0,1,"UE27"
"UKL18","Swansea",0,0,0,0,1,"UE27"
"UKL21","Monmouthshire and Newport",0,0,0,0,1,"UE27"
"UKL22","Cardiff and Vale of Glamorgan",0,0,0,0,1,"UE27"
"UKL23","Flintshire and Wrexham",0,0,0,0,1,"UE27"
"UKL24","Powys",0,0,0,0,1,"UE27"
"UKM21","Angus and Dundee City",0,0,0,0,1,"UE27"
"UKM22","Clackmannanshire and Fife",0,0,0,0,1,"UE27"
"UKM23","East Lothian and Midlothian",0,0,0,0,1,"UE27"
"UKM24","Scottish Borders",0,0,0,0,1,"UE27"
"UKM25","Edinburgh, City of",0,0,0,0,1,"UE27"
"UKM26","Falkirk",0,0,0,0,1,"UE27"
"UKM27","Perth and Kinross and Stirling",0,0,0,0,1,"UE27"
"UKM28","West Lothian",0,0,0,0,1,"UE27"
"UKM31","East Dunbartonshire, West Dunbartonshire and Helensburgh and Lomond",0,0,0,0,1,"UE27"
"UKM33","East Ayrshire and North Ayrshire mainland",0,0,0,0,1,"UE27"
"UKM34","Glasgow City",0,0,0,0,1,"UE27"
"UKM35","Inverclyde, East Renfrewshire and Renfrewshire",0,0,0,0,1,"UE27"
"UKM36","North Lanarkshire",0,0,0,0,1,"UE27"
"UKM37","South Ayrshire",0,0,0,0,1,"UE27"
"UKM38","South Lanarkshire",0,0,0,0,1,"UE27"
"UKM50","Aberdeen City and Aberdeenshire",0,0,0,0,1,"UE27"
"UKM61","Caithness & Sutherland and Ross & Cromarty",0,0,0,0,1,"UE27"
"UKM62","Inverness & Nairn and Moray, Badenoch & Strathspey",0,0,0,0,1,"UE27"
"UKM63","Lochaber, Skye & Lochalsh, Arran & Cumbrae and Argyll & Bute",0,0,0,0,1,"UE27"
"UKM64","Eilean Siar (Western Isles)",0,0,0,0,1,"UE27"
"UKM65","Orkney Islands",0,0,0,0,1,"UE27"
"UKM66","Shetland Islands",0,0,0,0,1,"UE27"
"UKN01","Belfast",0,0,0,0,1,"UE27"
"UKN02","Outer Belfast",0,0,0,0,1,"UE27"
"UKN03","East of Northern Ireland",0,0,0,0,1,"UE27"
"UKN04","North of Northern Ireland",0,0,0,0,1,"UE27"
"UKN05","West and South of Northern Ireland",0,0,0,0,1,"UE27"
"ITC20","Valle d'Aosta/Vallée d'Aoste",0,0,0,1,1,"UE27"
"ITF42","Bari",0,0,0,1,1,"UE27"
"UKD53","Sefton",0,0,0,0,1,"UE27"
"UKL14","South West Wales",0,0,0,0,1,"UE27"
"UKM32","Dumfries and Galloway",0,0,0,0,1,"UE27"
"TR222","Çanakkale",0,0,0,0,1,"CC"
"LT004","Marijampoles (Apskritis)",0,0,0,1,1,"UE27"
"AT11","Burgenland (A)",0,0,1,1,0,"UE27"
"AT12","Niederösterreich",0,0,1,1,0,"UE27"
"AT13","Wien",0,0,1,1,0,"UE27"
"AT21","Kärnten",0,0,1,1,0,"UE27"
"AT22","Steiermark",0,0,1,1,0,"UE27"
"AT31","Oberösterreich",0,0,1,1,0,"UE27"
"AT32","Salzburg",0,0,1,1,0,"UE27"
"AT33","Tirol",0,0,1,1,0,"UE27"
"AT34","Vorarlberg",0,0,1,1,0,"UE27"
"BE10","Région de Bruxelles-Capitale/Brussels Hoofdstedelijk Gewest",0,0,1,1,0,"UE27"
"BE21","Prov. Antwerpen",0,0,1,1,0,"UE27"
"BE22","Prov. Limburg (B)",0,0,1,1,0,"UE27"
"BE23","Prov. Oost-Vlaanderen",0,0,1,1,0,"UE27"
"BE24","Prov. Vlaams Brabant",0,0,1,1,0,"UE27"
"BE25","Prov. West-Vlaanderen",0,0,1,1,0,"UE27"
"BE31","Prov. Brabant Wallon",0,0,1,1,0,"UE27"
"BE32","Prov. Hainaut",0,0,1,1,0,"UE27"
"BE33","Prov. Liège",0,0,1,1,0,"UE27"
"BE34","Prov. Luxembourg (B)",0,0,1,1,0,"UE27"
"BE35","Prov. Namur",0,0,1,1,0,"UE27"
"BG31","Severozapaden",0,0,1,0,0,"UE27"
"BG32","Severen tsentralen",0,0,1,0,0,"UE27"
"BG33","Severoiztochen",0,0,1,0,0,"UE27"
"BG34","Yugoiztochen",0,0,1,0,0,"UE27"
"BG41","Yugozapaden",0,0,1,0,0,"UE27"
"BG42","Yuzhen tsentralen",0,0,1,0,0,"UE27"
"CH01","Région lémanique",0,0,1,1,0,"EFTA"
"CH02","Espace Mittelland",0,0,1,1,0,"EFTA"
"CH03","Nordwestschweiz",0,0,1,1,0,"EFTA"
"CH04","Zürich",0,0,1,1,0,"EFTA"
"CH05","Ostschweiz",0,0,1,1,0,"EFTA"
"CH06","Zentralschweiz",0,0,1,1,0,"EFTA"
"CH07","Ticino",0,0,1,1,0,"EFTA"
"CY00","Chypre",0,0,1,0,0,"UE27"
"CZ01","Praha",0,0,1,0,0,"UE27"
"CZ02","Strední Cechy",0,0,1,0,0,"UE27"
"CZ03","Jihozápad",0,0,1,0,0,"UE27"
"CZ04","Severozápad",0,0,1,0,0,"UE27"
"CZ05","Severovýchod",0,0,1,0,0,"UE27"
"CZ06","Jihovýchod",0,0,1,0,0,"UE27"
"CZ07","Strední Morava",0,0,1,0,0,"UE27"
"CZ08","Moravskoslezsko",0,0,1,0,0,"UE27"
"DE11","Stuttgart",0,0,1,1,0,"UE27"
"DE12","Karlsruhe",0,0,1,1,0,"UE27"
"DE13","Freiburg",0,0,1,1,0,"UE27"
"DE14","Tübingen",0,0,1,1,0,"UE27"
"DE21","Oberbayern",0,0,1,1,0,"UE27"
"DE22","Niederbayern",0,0,1,1,0,"UE27"
"DE23","Oberpfalz",0,0,1,1,0,"UE27"
"DE24","Oberfranken",0,0,1,1,0,"UE27"
"DE25","Mittelfranken",0,0,1,1,0,"UE27"
"DE26","Unterfranken",0,0,1,1,0,"UE27"
"DE27","Schwaben",0,0,1,1,0,"UE27"
"DE30","Berlin",0,0,1,1,0,"UE27"
"DE41","Brandenburg - Nordost",0,0,1,1,0,"UE27"
"DE42","Brandenburg - Südwest",0,0,1,1,0,"UE27"
"DE50","Bremen",0,0,1,1,0,"UE27"
"DE60","Hamburg",0,0,1,1,0,"UE27"
"DE71","Darmstadt",0,0,1,1,0,"UE27"
"DE72","Gießen",0,0,1,1,0,"UE27"
"DE73","Kassel",0,0,1,1,0,"UE27"
"DE80","Mecklenburg-Vorpommern",0,0,1,1,0,"UE27"
"DE91","Braunschweig",0,0,1,1,0,"UE27"
"DE92","Hannover",0,0,1,1,0,"UE27"
"DE93","Lüneburg",0,0,1,1,0,"UE27"
"DE94","Weser-Ems",0,0,1,1,0,"UE27"
"DEA1","Düsseldorf",0,0,1,1,0,"UE27"
"DEA2","Köln",0,0,1,1,0,"UE27"
"DEA3","Münster",0,0,1,1,0,"UE27"
"DEA4","Detmold",0,0,1,1,0,"UE27"
"DEA5","Arnsberg",0,0,1,1,0,"UE27"
"DEB1","Koblenz",0,0,1,1,0,"UE27"
"DEB2","Trier",0,0,1,1,0,"UE27"
"DEB3","Rheinhessen-Pfalz",0,0,1,1,0,"UE27"
"DEC0","Saarland",0,0,1,1,0,"UE27"
"DED1","Chemnitz",0,0,1,1,0,"UE27"
"DED2","Dresden",0,0,1,1,0,"UE27"
"DED3","Leipzig",0,0,1,1,0,"UE27"
"DEE0","Sachsen-Anhalt",0,0,1,1,0,"UE27"
"DEF0","Schleswig-Holstein",0,0,1,1,0,"UE27"
"DEG0","Thüringen",0,0,1,1,0,"UE27"
"DK01","Hovedstaden",0,0,1,0,0,"UE27"
"DK02","Sjælland",0,0,1,0,0,"UE27"
"DK03","Syddanmark",0,0,1,0,0,"UE27"
"DK04","Midtjylland",0,0,1,0,0,"UE27"
"DK05","Nordjylland",0,0,1,0,0,"UE27"
"EE00","Estonie",0,0,1,0,0,"UE27"
"ES11","Galicia",0,0,1,0,0,"UE27"
"ES12","Principado de Asturias",0,0,1,0,0,"UE27"
"ES13","Cantabria",0,0,1,0,0,"UE27"
"ES21","Pais Vasco",0,0,1,0,0,"UE27"
"ES22","Comunidad Foral de Navarra",0,0,1,0,0,"UE27"
"ES23","La Rioja",0,0,1,0,0,"UE27"
"ES24","Aragón",0,0,1,0,0,"UE27"
"ES30","Comunidad de Madrid",0,0,1,0,0,"UE27"
"ES41","Castilla y León",0,0,1,0,0,"UE27"
"ES42","Castilla-la Mancha",0,0,1,0,0,"UE27"
"ES43","Extremadura",0,0,1,0,0,"UE27"
"ES51","Cataluña",0,0,1,0,0,"UE27"
"ES52","Comunidad Valenciana",0,0,1,0,0,"UE27"
"ES53","Illes Balears",0,0,1,0,0,"UE27"
"ES61","Andalucia",0,0,1,0,0,"UE27"
"ES62","Región de Murcia",0,0,1,0,0,"UE27"
"ES63","Ciudad Autónoma de Ceuta (ES)",0,0,1,0,0,"UE27"
"ES64","Ciudad Autónoma de Melilla (ES)",0,0,1,0,0,"UE27"
"ES70","Canarias (ES)",0,0,1,0,0,"UE27"
"FI13","Itä-Suomi",0,0,1,0,0,"UE27"
"FI18","Etelä-Suomi",0,0,1,0,0,"UE27"
"FI19","Länsi-Suomi",0,0,1,0,0,"UE27"
"FI1A","Pohjois-Suomi",0,0,1,0,0,"UE27"
"FI20","Åland",0,0,1,0,0,"UE27"
"FR10","Île de France",0,0,1,0,0,"UE27"
"FR21","Champagne-Ardenne",0,0,1,0,0,"UE27"
"FR22","Picardie",0,0,1,0,0,"UE27"
"FR23","Haute-Normandie",0,0,1,0,0,"UE27"
"FR24","Centre",0,0,1,0,0,"UE27"
"FR25","Basse-Normandie",0,0,1,0,0,"UE27"
"FR26","Bourgogne",0,0,1,0,0,"UE27"
"FR30","Nord - Pas-de-Calais",0,0,1,0,0,"UE27"
"FR41","Lorraine",0,0,1,0,0,"UE27"
"FR42","Alsace",0,0,1,0,0,"UE27"
"FR43","Franche-Comté",0,0,1,0,0,"UE27"
"FR51","Pays de la Loire",0,0,1,0,0,"UE27"
"FR52","Bretagne",0,0,1,0,0,"UE27"
"FR53","Poitou-Charentes",0,0,1,0,0,"UE27"
"FR61","Aquitaine",0,0,1,0,0,"UE27"
"FR62","Midi-Pyrénées",0,0,1,0,0,"UE27"
"FR63","Limousin",0,0,1,0,0,"UE27"
"FR71","Rhône-Alpes",0,0,1,0,0,"UE27"
"FR72","Auvergne",0,0,1,0,0,"UE27"
"FR81","Languedoc-Roussillon",0,0,1,0,0,"UE27"
"FR82","Provence-Alpes-Côte d'Azur",0,0,1,0,0,"UE27"
"FR83","Corse",0,0,1,0,0,"UE27"
"FR91","Guadeloupe (FR)",0,0,1,0,0,"UE27"
"FR92","Martinique (FR)",0,0,1,0,0,"UE27"
"FR93","Guyane (FR)",0,0,1,0,0,"UE27"
"FR94","Réunion (FR)",0,0,1,0,0,"UE27"
"GR11","Anatoliki Makedonia, Thraki",0,0,1,1,0,"UE27"
"GR12","Kentriki Makedonia",0,0,1,1,0,"UE27"
"GR13","Dytiki Makedonia",0,0,1,1,0,"UE27"
"GR14","Thessalia",0,0,1,1,0,"UE27"
"GR21","Ipeiros",0,0,1,1,0,"UE27"
"GR22","Ionia Nisia",0,0,1,1,0,"UE27"
"GR23","Dytiki Ellada",0,0,1,1,0,"UE27"
"GR24","Sterea Ellada",0,0,1,1,0,"UE27"
"GR25","Peloponnisos",0,0,1,1,0,"UE27"
"GR30","Attiki",0,0,1,1,0,"UE27"
"GR41","Voreio Aigaio",0,0,1,1,0,"UE27"
"GR42","Notio Aigaio",0,0,1,1,0,"UE27"
"GR43","Kriti",0,0,1,1,0,"UE27"
"HR01","Sjeverozapadna Hrvatska",0,0,1,0,0,"CC"
"HR02","Sredisnja i Istocna (Panonska) Hrvatska",0,0,1,0,0,"CC"
"HR03","Jadranska Hrvatska",0,0,1,0,0,"CC"
"HU10","Közép-Magyarország",0,0,1,0,0,"UE27"
"HU21","Közép-Dunántúl",0,0,1,0,0,"UE27"
"HU22","Nyugat-Dunántúl",0,0,1,0,0,"UE27"
"HU23","Dél-Dunántúl",0,0,1,0,0,"UE27"
"HU31","Észak-Magyarország",0,0,1,0,0,"UE27"
"HU32","Észak-Alföld",0,0,1,0,0,"UE27"
"HU33","Dél-Alföld",0,0,1,0,0,"UE27"
"IE01","Border, Midlands and Western",0,0,1,0,0,"UE27"
"IE02","Southern and Eastern",0,0,1,0,0,"UE27"
"IS00","Islande",0,0,1,0,0,"EFTA"
"ITC1","Piemonte",0,0,1,0,0,"UE27"
"ITC2","Valle d'Aosta/Vallée d'Aoste",0,0,1,0,0,"UE27"
"ITC3","Liguria",0,0,1,0,0,"UE27"
"ITC4","Lombardia",0,0,1,0,0,"UE27"
"ITD1","Provincia Autonoma Bolzano-Bozen",0,0,1,0,0,"UE27"
"ITD2","Provincia Autonoma Trento",0,0,1,0,0,"UE27"
"ITD3","Veneto",0,0,1,0,0,"UE27"
"ITD4","Friuli-Venezia Giulia",0,0,1,0,0,"UE27"
"ITD5","Emilia-Romagna",0,0,1,0,0,"UE27"
"ITE1","Toscana",0,0,1,0,0,"UE27"
"ITE2","Umbria",0,0,1,0,0,"UE27"
"ITE3","Marche",0,0,1,0,0,"UE27"
"ITE4","Lazio",0,0,1,0,0,"UE27"
"ITF1","Abruzzo",0,0,1,0,0,"UE27"
"ITF2","Molise",0,0,1,0,0,"UE27"
"ITF3","Campania",0,0,1,0,0,"UE27"
"ITF4","Puglia",0,0,1,0,0,"UE27"
"ITF5","Basilicata",0,0,1,0,0,"UE27"
"ITF6","Calabria",0,0,1,0,0,"UE27"
"ITG1","Sicilia",0,0,1,0,0,"UE27"
"ITG2","Sardegna",0,0,1,0,0,"UE27"
"LI00","Liechtenstein",0,0,1,0,0,"EFTA"
"LT00","Lituanie",0,0,1,0,0,"UE27"
"LU00","Luxembourg (Grand-Duché)",0,0,1,0,0,"UE27"
"LV00","Lettonie",0,0,1,0,0,"UE27"
"MK00","Poranesna jugoslovenska Republika Makedonija (provisional code)",0,0,1,0,0,"CC"
"MT00","Malte",0,0,1,0,0,"UE27"
"NL11","Groningen",0,0,1,1,0,"UE27"
"NL12","Friesland (NL)",0,0,1,1,0,"UE27"
"NL13","Drenthe",0,0,1,1,0,"UE27"
"NL21","Overijssel",0,0,1,1,0,"UE27"
"NL22","Gelderland",0,0,1,1,0,"UE27"
"NL23","Flevoland",0,0,1,1,0,"UE27"
"NL31","Utrecht",0,0,1,1,0,"UE27"
"NL32","Noord-Holland",0,0,1,1,0,"UE27"
"NL33","Zuid-Holland",0,0,1,1,0,"UE27"
"NL34","Zeeland",0,0,1,1,0,"UE27"
"NL41","Noord-Brabant",0,0,1,1,0,"UE27"
"NL42","Limburg (NL)",0,0,1,1,0,"UE27"
"NO01","Oslo og Akershus",0,0,1,0,0,"EFTA"
"NO02","Hedmark og Oppland",0,0,1,0,0,"EFTA"
"NO03","Sør-Østlandet",0,0,1,0,0,"EFTA"
"NO04","Agder og Rogaland",0,0,1,0,0,"EFTA"
"NO05","Vestlandet",0,0,1,0,0,"EFTA"
"NO06","Trøndelag",0,0,1,0,0,"EFTA"
"NO07","Nord-Norge",0,0,1,0,0,"EFTA"
"PL11","Lódzkie",0,0,1,0,0,"UE27"
"PL12","Mazowieckie",0,0,1,0,0,"UE27"
"PL21","Malopolskie",0,0,1,0,0,"UE27"
"PL22","Slaskie",0,0,1,0,0,"UE27"
"PL31","Lubelskie",0,0,1,0,0,"UE27"
"PL32","Podkarpackie",0,0,1,0,0,"UE27"
"PL33","Swietokrzyskie",0,0,1,0,0,"UE27"
"PL34","Podlaskie",0,0,1,0,0,"UE27"
"PL41","Wielkopolskie",0,0,1,0,0,"UE27"
"PL42","Zachodniopomorskie",0,0,1,0,0,"UE27"
"PL43","Lubuskie",0,0,1,0,0,"UE27"
"PL51","Dolnoslaskie",0,0,1,0,0,"UE27"
"PL52","Opolskie",0,0,1,0,0,"UE27"
"PL61","Kujawsko-Pomorskie",0,0,1,0,0,"UE27"
"PL62","Warminsko-Mazurskie",0,0,1,0,0,"UE27"
"PL63","Pomorskie",0,0,1,0,0,"UE27"
"PT11","Norte",0,0,1,1,0,"UE27"
"PT15","Algarve",0,0,1,1,0,"UE27"
"PT16","Centro (PT)",0,0,1,1,0,"UE27"
"PT17","Lisboa",0,0,1,1,0,"UE27"
"PT18","Alentejo",0,0,1,1,0,"UE27"
"PT20","Região Autónoma dos Açores (PT)",0,0,1,1,0,"UE27"
"PT30","Região Autónoma da Madeira (PT)",0,0,1,1,0,"UE27"
"RO11","Nord-Vest",0,0,1,0,0,"UE27"
"RO12","Centru",0,0,1,0,0,"UE27"
"RO21","Nord-Est",0,0,1,0,0,"UE27"
"RO22","Sud-Est",0,0,1,0,0,"UE27"
"RO31","Sud - Muntenia",0,0,1,0,0,"UE27"
"RO32","Bucuresti - Ilfov",0,0,1,0,0,"UE27"
"RO41","Sud-Vest Oltenia",0,0,1,0,0,"UE27"
"RO42","Vest",0,0,1,0,0,"UE27"
"SE11","Stockholm",0,0,1,0,0,"UE27"
"SE12","Östra Mellansverige",0,0,1,0,0,"UE27"
"SE21","Småland med öarna",0,0,1,0,0,"UE27"
"SE22","Sydsverige",0,0,1,0,0,"UE27"
"SE23","Västsverige",0,0,1,0,0,"UE27"
"SE31","Norra Mellansverige",0,0,1,0,0,"UE27"
"SE32","Mellersta Norrland",0,0,1,0,0,"UE27"
"SE33","Övre Norrland",0,0,1,0,0,"UE27"
"SI01","Vzhodna Slovenija",0,0,1,0,0,"UE27"
"SI02","Zahodna Slovenija",0,0,1,0,0,"UE27"
"SK01","Bratislavský kraj",0,0,1,0,0,"UE27"
"SK02","Západné Slovensko",0,0,1,0,0,"UE27"
"SK03","Stredné Slovensko",0,0,1,0,0,"UE27"
"SK04","Východné Slovensko",0,0,1,0,0,"UE27"
"TR10","Istanbul",0,0,1,0,0,"CC"
"TR21","Tekirdag",0,0,1,0,0,"CC"
"TR22","Balikesir",0,0,1,0,0,"CC"
"TR31","Izmir",0,0,1,0,0,"CC"
"TR32","Aydin",0,0,1,0,0,"CC"
"TR33","Manisa",0,0,1,0,0,"CC"
"TR41","Bursa",0,0,1,0,0,"CC"
"TR42","Kocaeli",0,0,1,0,0,"CC"
"TR51","Ankara",0,0,1,0,0,"CC"
"TR52","Konya",0,0,1,0,0,"CC"
"TR61","Antalya",0,0,1,0,0,"CC"
"TR62","Adana",0,0,1,0,0,"CC"
"TR63","Hatay",0,0,1,0,0,"CC"
"TR71","Kirikkale",0,0,1,0,0,"CC"
"TR72","Kayseri",0,0,1,0,0,"CC"
"TR81","Zonguldak",0,0,1,0,0,"CC"
"TR82","Kastamonu",0,0,1,0,0,"CC"
"TR83","Samsun",0,0,1,0,0,"CC"
"TR90","Trabzon",0,0,1,0,0,"CC"
"TRA1","Erzurum",0,0,1,0,0,"CC"
"TRA2","Agri",0,0,1,0,0,"CC"
"TRB1","Malatya",0,0,1,0,0,"CC"
"TRB2","Van",0,0,1,0,0,"CC"
"TRC1","Gaziantep",0,0,1,0,0,"CC"
"TRC2","Sanliurfa",0,0,1,0,0,"CC"
"TRC3","Mardin",0,0,1,0,0,"CC"
"UKC1","Tees Valley and Durham",0,0,1,1,0,"UE27"
"UKC2","Northumberland, Tyne and Wear",0,0,1,1,0,"UE27"
"UKD1","Cumbria",0,0,1,1,0,"UE27"
"UKD2","Cheshire",0,0,1,1,0,"UE27"
"UKD3","Greater Manchester",0,0,1,1,0,"UE27"
"UKD4","Lancashire",0,0,1,1,0,"UE27"
"UKD5","Merseyside",0,0,1,1,0,"UE27"
"UKE1","East Yorkshire and Northern Lincolnshire",0,0,1,1,0,"UE27"
"UKE2","North Yorkshire",0,0,1,1,0,"UE27"
"UKE3","South Yorkshire",0,0,1,1,0,"UE27"
"UKE4","West Yorkshire",0,0,1,1,0,"UE27"
"UKF1","Derbyshire and Nottinghamshire",0,0,1,1,0,"UE27"
"UKF2","Leicestershire, Rutland and Northants",0,0,1,1,0,"UE27"
"UKF3","Lincolnshire",0,0,1,1,0,"UE27"
"UKG1","Herefordshire, Worcestershire and Warks",0,0,1,1,0,"UE27"
"UKG2","Shropshire and Staffordshire",0,0,1,1,0,"UE27"
"UKG3","West Midlands",0,0,1,1,0,"UE27"
"UKH1","East Anglia",0,0,1,1,0,"UE27"
"UKH2","Bedfordshire, Hertfordshire",0,0,1,1,0,"UE27"
"UKH3","Essex",0,0,1,1,0,"UE27"
"UKI1","Inner London",0,0,1,1,0,"UE27"
"UKI2","Outer London",0,0,1,1,0,"UE27"
"UKJ1","Berkshire, Bucks and Oxfordshire",0,0,1,1,0,"UE27"
"UKJ2","Surrey, East and West Sussex",0,0,1,1,0,"UE27"
"UKJ3","Hampshire and Isle of Wight",0,0,1,1,0,"UE27"
"UKJ4","Kent",0,0,1,1,0,"UE27"
"UKK1","Gloucestershire, Wiltshire and Bristol/Bath area",0,0,1,1,0,"UE27"
"UKK2","Dorset and Somerset",0,0,1,1,0,"UE27"
"UKK3","Cornwall and Isles of Scilly",0,0,1,1,0,"UE27"
"UKK4","Devon",0,0,1,1,0,"UE27"
"UKL1","West Wales and The Valleys",0,0,1,1,0,"UE27"
"UKL2","East Wales",0,0,1,1,0,"UE27"
"UKM2","Eastern Scotland",0,0,1,1,0,"UE27"
"UKM3","South Western Scotland",0,0,1,1,0,"UE27"
"UKM5","North Eastern Scotland",0,0,1,1,0,"UE27"
"UKM6","Highlands and Islands",0,0,1,1,0,"UE27"
"UKN0","Northern Ireland",0,0,1,1,0,"UE27"
"AT1","Ostösterreich",0,1,0,0,0,"UE27"
"AT2","Südösterreich",0,1,0,0,0,"UE27"
"AT3","Westösterreich",0,1,0,0,0,"UE27"
"BE1","Région de Bruxelles-Capitale/Brussels Hoofdstedelijk Gewest",0,1,0,0,0,"UE27"
"BE2","Vlaams Gewest",0,1,0,0,0,"UE27"
"BE3","Région Wallonne",0,1,0,0,0,"UE27"
"BG3","Severna i iztochna Bulgaria",0,1,0,0,0,"UE27"
"BG4","Yugozapadna i yuzhna centralna Bulgaria",0,1,0,0,0,"UE27"
"CH0","Suisse",0,1,0,0,0,"EFTA"
"CY0","Chypre",0,1,0,0,0,"UE27"
"CZ0","Czech Republic",0,1,0,0,0,"UE27"
"DE1","Baden-Württemberg",0,1,0,0,0,"UE27"
"DE2","Bayern",0,1,0,0,0,"UE27"
"DE3","Berlin",0,1,0,0,0,"UE27"
"DE4","Brandenburg",0,1,0,0,0,"UE27"
"DE5","Bremen",0,1,0,0,0,"UE27"
"DE6","Hamburg",0,1,0,0,0,"UE27"
"DE7","Hessen",0,1,0,0,0,"UE27"
"DE8","Mecklenburg-Vorpommern",0,1,0,0,0,"UE27"
"DE9","Niedersachsen",0,1,0,0,0,"UE27"
"DEA","Nordrhein-Westfalen",0,1,0,0,0,"UE27"
"DEB","Rheinland-Pfalz",0,1,0,0,0,"UE27"
"DEC","Saarland",0,1,0,0,0,"UE27"
"DED","Sachsen",0,1,0,0,0,"UE27"
"DEE","Sachsen-Anhalt",0,1,0,0,0,"UE27"
"DEF","Schleswig-Holstein",0,1,0,0,0,"UE27"
"DEG","Thüringen",0,1,0,0,0,"UE27"
"DK0","Danemark",0,1,0,0,0,"UE27"
"EE0","Estonie",0,1,0,0,0,"UE27"
"ES1","Noroeste",0,1,0,0,0,"UE27"
"ES2","Noreste",0,1,0,0,0,"UE27"
"ES3","Comunidad de Madrid",0,1,0,0,0,"UE27"
"ES4","Centro (ES)",0,1,0,0,0,"UE27"
"ES5","Este",0,1,0,0,0,"UE27"
"ES6","Sur",0,1,0,0,0,"UE27"
"ES7","Canarias (ES)",0,1,0,0,0,"UE27"
"FI1","Manner-Suomi",0,1,0,0,0,"UE27"
"FI2","Åland",0,1,0,0,0,"UE27"
"FR1","Île de France",0,1,0,0,0,"UE27"
"FR2","Bassin Parisien",0,1,0,0,0,"UE27"
"FR3","Nord - Pas-de-Calais",0,1,0,0,0,"UE27"
"FR4","Est",0,1,0,0,0,"UE27"
"FR5","Ouest",0,1,0,0,0,"UE27"
"FR6","Sud-Ouest",0,1,0,0,0,"UE27"
"FR7","Centre-Est",0,1,0,0,0,"UE27"
"FR8","Méditerranée",0,1,0,0,0,"UE27"
"FR9","Départements d'outre-mer (FR)",0,1,0,0,0,"UE27"
"GR1","Voreia Ellada",0,1,0,0,0,"UE27"
"GR2","Kentriki Ellada",0,1,0,0,0,"UE27"
"GR3","Attiki",0,1,0,0,0,"UE27"
"GR4","Nisia Aigaiou, Kriti",0,1,0,0,0,"UE27"
"HR0","Croatie",0,1,0,0,0,"CC"
"HU1","Közép-Magyarország",0,1,0,0,0,"UE27"
"HU2","Dunántúl",0,1,0,0,0,"UE27"
"HU3","Alföld és Észak",0,1,0,0,0,"UE27"
"IE0","Irlande",0,1,0,0,0,"UE27"
"IS0","Islande",0,1,0,0,0,"EFTA"
"ITC","Nord Ovest",0,1,0,0,0,"UE27"
"ITD","Nord Est",0,1,0,0,0,"UE27"
"ITE","Centro (IT)",0,1,0,0,0,"UE27"
"ITF","Sud (IT)",0,1,0,0,0,"UE27"
"ITG","Isole (IT)",0,1,0,0,0,"UE27"
"LI0","Liechtenstein",0,1,0,0,0,"EFTA"
"LT0","Lituanie",0,1,0,0,0,"UE27"
"LU0","Luxembourg (Grand-Duché)",0,1,0,0,0,"UE27"
"LV0","Lettonie",0,1,0,0,0,"UE27"
"MK0","Poranesna jugoslovenska Republika Makedonija (provisional code)",0,1,0,0,0,"CC"
"MT0","Malte",0,1,0,0,0,"UE27"
"NL1","Noord-Nederland",0,1,0,0,0,"UE27"
"NL2","Oost-Nederland",0,1,0,0,0,"UE27"
"NL3","West-Nederland",0,1,0,0,0,"UE27"
"NL4","Zuid-Nederland",0,1,0,0,0,"UE27"
"NO0","Norvège",0,1,0,0,0,"EFTA"
"PL1","Centralny",0,1,0,0,0,"UE27"
"PL2","Poludniowy",0,1,0,0,0,"UE27"
"PL3","Wschodni",0,1,0,0,0,"UE27"
"PL4","Pólnocno-Zachodni",0,1,0,0,0,"UE27"
"PL5","Poludniowo-Zachodni",0,1,0,0,0,"UE27"
"PL6","Pólnocny",0,1,0,0,0,"UE27"
"PT1","Continente (PT)",0,1,0,0,0,"UE27"
"PT2","Região Autónoma dos Açores (PT)",0,1,0,0,0,"UE27"
"PT3","Região Autónoma da Madeira (PT)",0,1,0,0,0,"UE27"
"RO1","Macroregiunea unu",0,1,0,0,0,"UE27"
"RO2","Macroregiunea doi",0,1,0,0,0,"UE27"
"RO3","Macroregiunea trei",0,1,0,0,0,"UE27"
"RO4","Macroregiunea patru",0,1,0,0,0,"UE27"
"SE1","Östra Sverige",0,1,0,0,0,"UE27"
"SE2","Södra Sverige",0,1,0,0,0,"UE27"
"SE3","Norra Sverige",0,1,0,0,0,"UE27"
"SI0","Slovénie",0,1,0,0,0,"UE27"
"SK0","Slovaquie",0,1,0,0,0,"UE27"
"TR1","Istanbul",0,1,0,0,0,"CC"
"TR2","Bati Marmara",0,1,0,0,0,"CC"
"TR3","Ege",0,1,0,0,0,"CC"
"TR4","Dogu Marmara",0,1,0,0,0,"CC"
"TR5","Bati Anadolu",0,1,0,0,0,"CC"
"TR6","Akdeniz",0,1,0,0,0,"CC"
"TR7","Orta Anadolu",0,1,0,0,0,"CC"
"TR8","Bati Karadeniz",0,1,0,0,0,"CC"
"TR9","Dogu Karadeniz",0,1,0,0,0,"CC"
"TRA","Kuzeydogu Anadolu",0,1,0,0,0,"CC"
"TRB","Ortadogu Anadolu",0,1,0,0,0,"CC"
"TRC","Güneydogu Anadolu",0,1,0,0,0,"CC"
"UKC","North East (ENGLAND)",0,1,0,0,0,"UE27"
"UKD","North West (ENGLAND)",0,1,0,0,0,"UE27"
"UKE","Yorkshire and The Humber",0,1,0,0,0,"UE27"
"UKF","East Midlands (ENGLAND)",0,1,0,0,0,"UE27"
"UKG","West Midlands (ENGLAND)",0,1,0,0,0,"UE27"
"UKH","Eastern",0,1,0,0,0,"UE27"
"UKI","London",0,1,0,0,0,"UE27"
"UKJ","South East",0,1,0,0,0,"UE27"
"UKK","South West (ENGLAND)",0,1,0,0,0,"UE27"
"UKL","Wales",0,1,0,0,0,"UE27"
"UKM","Scotland",0,1,0,0,0,"UE27"
"UKN","Northern Ireland",0,1,0,0,0,"UE27"
"AT","Autriche",1,0,0,0,0,"UE27"
"BE","Belgique",1,0,0,0,0,"UE27"
"BG","Bulgarie",1,0,0,0,0,"UE27"
"CH","Suisse",1,0,0,0,0,"EFTA"
"CY","Chypre",1,0,0,0,0,"UE27"
"CZ","République tchèque",1,0,0,0,0,"UE27"
"DE","Allemagne (incluant l'ex-RDA à partir de 1991)",1,0,0,0,0,"UE27"
"DK","Danemark",1,0,0,0,0,"UE27"
"EE","Estonie",1,0,0,0,0,"UE27"
"ES","Espagne",1,0,0,0,0,"UE27"
"FI","Finlande",1,0,0,0,0,"UE27"
"FR","France",1,0,0,0,0,"UE27"
"GR","Grèce",1,0,0,0,0,"UE27"
"HR","Croatie",1,0,0,0,0,"CC"
"HU","Hongrie",1,0,0,0,0,"UE27"
"IE","Irlande",1,0,0,0,0,"UE27"
"IS","Islande",1,0,0,0,0,"EFTA"
"IT","Italie",1,0,0,0,0,"UE27"
"LI","Liechtenstein",1,0,0,0,0,"EFTA"
"LT","Lituanie",1,0,0,0,0,"UE27"
"LU","Luxembourg (Grand-Duché)",1,0,0,0,0,"UE27"
"LV","Lettonie",1,0,0,0,0,"UE27"
"MK","Ancienne République yougoslave de Macédoine",1,0,0,0,0,"CC"
"MT","Malte",1,0,0,0,0,"UE27"
"NL","Pays-Bas",1,0,0,0,0,"UE27"
"NO","Norvège",1,0,0,0,0,"EFTA"
"PL","Pologne",1,0,0,0,0,"UE27"
"PT","Portugal",1,0,0,0,0,"UE27"
"RO","Roumanie",1,0,0,0,0,"UE27"
"SE","Suède",1,0,0,0,0,"UE27"
"SI","Slovénie",1,0,0,0,0,"UE27"
"SK","Slovaquie",1,0,0,0,0,"UE27"
"TR","Turquie",1,0,0,0,0,"CC"
"UK","Royaume-Uni",1,0,0,0,0,"UE27"
